dataset,compressor,codec_kind,chunk_n,rep,logical_bytes,stored_bytes,ratio,create_ms,write_ms,flush_ms,sync_ms,close_ms,csync_ms,evict_ms,open_ms,read_ms,rmse,abs_thresh,maxae,bound_ok,write_wall_ms,d2h_ms,read_wall_ms
einspline37,bzip2,cpu,1,-1,13560851520,0,0,-1,-1,-1,-1,-1,-1,-1,-1,-1,-1,-1,-1,0,-1,-1,-1
einspline37,bzip2_vjson,cpu,8,0,13560851520,13145358116,1.0316,459.8979,1350459.9523,0.1516,109.3611,0.3615,120.1576,0.2825,0.3805,762928.7414,0.000000e+00,0.000000e+00,0.000000e+00,1,1350459.9514,0.0000,762928.7406
einspline37,cuszp_1e3,gpu,1,-1,13560851520,0,0,-1,-1,-1,-1,-1,-1,-1,-1,-1,-1,-1,-1,0,-1,-1,-1
einspline37,cuszp_1e3_vjson,gpu,8,-1,13560851520,0,0,-1,-1,-1,-1,-1,-1,-1,-1,-1,-1,-1,-1,0,-1,-1,-1
einspline37,cuszp_1e6,gpu,1,-1,13560851520,0,0,-1,-1,-1,-1,-1,-1,-1,-1,-1,-1,-1,-1,0,-1,-1,-1
einspline37,cuszp_1e6_vjson,gpu,8,-1,13560851520,0,0,-1,-1,-1,-1,-1,-1,-1,-1,-1,-1,-1,-1,0,-1,-1,-1
einspline37,noop,cpu,1,-1,13560851520,0,0,-1,-1,-1,-1,-1,-1,-1,-1,-1,-1,-1,-1,0,-1,-1,-1
einspline37,noop_vjson,cpu,8,0,13560851520,13560851520,1.0000,2.3745,34853.5395,15.0258,77.2455,0.3327,63.7206,0.2050,0.3499,17962.4344,0.000000e+00,0.000000e+00,0.000000e+00,1,34853.5384,0.0000,17962.4333
einspline37,sz3_1e3,cpu,1,0,13560851520,4013662550,3.3787,0.7478,188047.1979,0.1093,228.3689,0.4024,54.1444,0.2735,0.4063,135780.6467,5.741519e-04,1.000000e-03,1.000000e-03,1,188047.1971,0.0000,135780.6458
einspline37,sz3_1e3_vjson,cpu,8,0,13560851520,4018743520,3.3744,464.1264,125052.9960,0.1552,129.7192,0.2287,85.3949,0.2161,0.3676,122904.6171,5.741759e-04,1.000000e-03,1.000000e-03,1,125052.9952,0.0000,122904.6163
einspline37,sz3_1e6,cpu,1,-1,13560851520,0,0,-1,-1,-1,-1,-1,-1,-1,-1,-1,-1,-1,-1,0,-1,-1,-1
einspline37,sz3_1e6_vjson,cpu,8,0,13560851520,10637566641,1.2748,149.2892,205018.5593,0.1247,110.2184,0.3315,34.2786,0.2094,0.3727,138012.9588,2.848554e-07,1.000000e-06,9.999999e-07,1,205018.5584,0.0000,138012.9580
einspline37,szx_1e3,cpu,1,-1,13560851520,0,0,-1,-1,-1,-1,-1,-1,-1,-1,-1,-1,-1,-1,0,-1,-1,-1
einspline37,szx_1e3_vjson,cpu,8,0,13560851520,8472809520,1.6005,355.5841,53274.2775,0.1497,101.7404,0.2354,69.5289,0.2250,0.3475,39204.8411,1.416840e-04,1.000000e-03,9.999967e-04,1,53274.2766,0.0000,39204.8401
einspline37,szx_1e6,cpu,1,-1,13560851520,0,0,-1,-1,-1,-1,-1,-1,-1,-1,-1,-1,-1,-1,0,-1,-1,-1
einspline37,szx_1e6_vjson,cpu,8,0,13560851520,12294472946,1.1030,303.8839,58927.0309,0.1416,116.9609,0.3262,46.2393,0.2105,0.3523,41362.6942,1.205700e-07,1.000000e-06,4.768372e-07,1,58927.0300,0.0000,41362.6934
einspline37,zfp_1e3,cpu,1,-1,13560851520,0,0,-1,-1,-1,-1,-1,-1,-1,-1,-1,-1,-1,-1,0,-1,-1,-1
einspline37,zfp_1e6,cpu,1,-1,13560851520,0,0,-1,-1,-1,-1,-1,-1,-1,-1,-1,-1,-1,-1,0,-1,-1,-1
einspline37,zfp_cpu_r12,cpu,1,-1,13560851520,0,0,-1,-1,-1,-1,-1,-1,-1,-1,-1,-1,-1,-1,0,-1,-1,-1
einspline37,zfp_cpu_r16,cpu,1,-1,13560851520,0,0,-1,-1,-1,-1,-1,-1,-1,-1,-1,-1,-1,-1,0,-1,-1,-1
einspline37,zfp_cpu_r4,cpu,1,0,13560851520,1695106440,8.0000,0.7506,78361.9882,50.6355,31.8580,0.2322,25.0207,0.2505,0.3507,50305.9912,7.312828e-01,0.000000e+00,4.799935e+01,1,78361.9871,0.0000,50305.9902
einspline37,zfp_cpu_r8,cpu,1,0,13560851520,3390212880,4.0000,0.7142,104522.8954,0.1615,49.9816,0.2264,66.2300,0.2730,0.3481,87668.4063,4.066683e-02,0.000000e+00,3.362678e+00,1,104522.8946,0.0000,87668.4054
einspline37,zfp_gpu_r12,gpu,1,-1,13560851520,0,0,-1,-1,-1,-1,-1,-1,-1,-1,-1,-1,-1,-1,0,-1,-1,-1
einspline37,zfp_gpu_r16,gpu,1,-1,13560851520,0,0,-1,-1,-1,-1,-1,-1,-1,-1,-1,-1,-1,-1,0,-1,-1,-1
einspline37,zfp_gpu_r4,gpu,1,-1,13560851520,0,0,-1,-1,-1,-1,-1,-1,-1,-1,-1,-1,-1,-1,0,-1,-1,-1
einspline37,zfp_gpu_r8,gpu,1,-1,13560851520,0,0,-1,-1,-1,-1,-1,-1,-1,-1,-1,-1,-1,-1,0,-1,-1,-1
miranda,bzip2,cpu,1,0,301989888,127928771,2.3606,3.6273,25072.6050,0.1041,226.1153,0.2103,150.1411,4.3853,0.3596,11234.3121,0.000000e+00,0.000000e+00,0.000000e+00,1,25072.6042,0.0000,11234.3114
miranda,bzip2_vjson,cpu,8,0,301989888,127945248,2.3603,10.4384,22747.1841,0.0702,119.0638,0.2340,193.5039,3.1432,0.5201,11156.1143,0.000000e+00,0.000000e+00,0.000000e+00,1,22747.1836,0.0000,11156.1135
miranda,cuszp_1e3,gpu,1,0,301989888,14338684,21.0612,12.6150,425.4159,0.0506,145.3000,0.1150,152.9675,1.2534,0.2250,424.4313,2.719601e-04,1.000000e-03,1.000000e-03,1,425.4152,0.0000,424.4305
miranda,cuszp_1e3_vjson,gpu,8,0,301989888,14338684,21.0612,3.5173,273.0081,0.0333,170.8135,0.9560,159.1027,4.2208,0.2208,426.7770,2.719601e-04,1.000000e-03,1.000000e-03,1,273.0072,0.0000,426.7763
miranda,cuszp_1e6,gpu,1,0,301989888,27061444,11.1594,3.2153,592.9528,0.0749,150.2662,0.2009,186.7425,1.3428,0.3451,420.3642,3.091485e-07,1.000000e-06,1.000000e-06,1,592.9519,0.0000,420.3633
miranda,cuszp_1e6_vjson,gpu,8,0,301989888,27061444,11.1594,2.0978,449.0598,0.0325,224.4204,0.1069,211.7479,1.8781,0.2195,424.1287,3.091485e-07,1.000000e-06,1.000000e-06,1,449.0590,0.0000,424.1280
miranda,noop,cpu,1,0,301989888,301989888,1.0000,18.1589,1422.1929,0.1683,351.2052,0.3659,49.6577,2.0281,0.3813,396.6026,0.000000e+00,0.000000e+00,0.000000e+00,1,1422.1921,0.0000,396.6018
miranda,noop_vjson,cpu,8,0,301989888,301989888,1.0000,6.7017,972.0134,0.0617,252.7409,0.1350,48.0084,1.7281,0.2171,259.3984,0.000000e+00,0.000000e+00,0.000000e+00,1,972.0125,0.0000,259.3971
miranda,sz3_1e3,cpu,1,0,301989888,1835012,164.5711,4.2636,1871.5812,0.0505,155.9938,0.2567,84.8093,3.1691,0.3463,511.6438,3.126615e-04,1.000000e-03,9.999999e-04,1,1871.5805,0.0000,511.6428
miranda,sz3_1e3_vjson,cpu,8,0,301989888,1892237,159.5941,2.6624,951.7860,0.0412,158.7535,0.1666,75.2472,2.1483,0.2246,409.3628,2.789831e-04,1.000000e-03,9.999995e-04,1,951.7850,0.0000,409.3621
miranda,sz3_1e6,cpu,1,0,301989888,14238525,21.2094,10.3059,2014.2144,0.0498,160.6023,0.1544,138.0723,0.1905,0.2216,744.8314,3.062181e-07,1.000000e-06,1.000000e-06,1,2014.2132,0.0000,744.8302
miranda,sz3_1e6_vjson,cpu,8,0,301989888,14084219,21.4417,4.4577,1286.8971,0.0338,146.7875,0.4908,172.3147,1.1909,0.2294,688.8605,3.197030e-07,1.000000e-06,1.000000e-06,1,1286.8963,0.0000,688.8597
miranda,szx_1e3,cpu,1,0,301989888,14036717,21.5143,2.8040,469.8301,0.0485,141.8775,0.1660,169.3573,3.0159,0.2188,409.5810,2.544046e-04,1.000000e-03,9.997613e-04,1,469.8293,0.0000,409.5802
miranda,szx_1e3_vjson,cpu,8,0,301989888,14036808,21.5141,2.0298,316.8463,0.0394,195.6572,0.1538,243.4641,1.2177,0.2317,417.0901,2.544046e-04,1.000000e-03,9.997613e-04,1,316.8456,0.0000,417.0892
miranda,szx_1e6,cpu,1,0,301989888,27283512,11.0686,5.7920,668.7720,0.0557,268.4350,0.1467,248.5313,1.0433,0.2282,426.8461,2.750913e-07,1.000000e-06,1.113733e-06,1,668.7712,0.0000,426.8452
miranda,szx_1e6_vjson,cpu,8,0,301989888,27283603,11.0685,2.0941,526.9861,0.0410,311.1994,0.1139,210.3704,3.7248,0.2863,437.1725,2.750913e-07,1.000000e-06,1.113733e-06,1,526.9854,0.0000,437.1717
miranda,zfp_1e3,cpu,1,0,301989888,8490129,35.5695,5.6061,1101.0812,0.0402,230.6183,0.1561,157.6648,1.2326,0.2187,408.7425,1.840194e-05,1.000000e-03,2.409157e-04,1,1101.0804,0.0000,408.7417
miranda,zfp_1e6,cpu,1,0,301989888,21080218,14.3257,4.9607,1584.2565,0.0563,229.4706,0.1720,230.9049,0.1929,0.2206,533.5274,2.209912e-08,1.000000e-06,2.585791e-07,1,1584.2557,0.0000,533.5265
miranda,zfp_cpu_r12,cpu,1,0,301989888,56623104,5.3333,3.8311,2352.6990,0.0661,476.5195,0.1249,113.2591,1.0853,0.2232,868.2466,4.240786e-07,0.000000e+00,4.203496e-05,1,2352.6982,0.0000,868.2456
miranda,zfp_cpu_r16,cpu,1,0,301989888,75497472,4.0000,6.4446,2621.2560,0.0783,336.8771,0.1362,117.2392,4.9939,0.2235,996.2600,2.650153e-08,0.000000e+00,2.833496e-06,1,2621.2552,0.0000,996.2592
miranda,zfp_cpu_r4,cpu,1,0,301989888,18874368,16.0000,2.9541,1877.5248,0.0788,145.8303,0.1356,179.3411,2.7711,0.3359,559.4152,1.323060e-04,0.000000e+00,1.231516e-02,1,1877.5236,0.0000,559.4144
miranda,zfp_cpu_r8,cpu,1,0,301989888,37748736,8.0000,4.7812,2136.2487,0.0712,355.7770,0.1620,87.3734,1.1304,0.2243,729.2893,6.719211e-06,0.000000e+00,6.823176e-04,1,2136.2478,0.0000,729.2882
miranda,zfp_gpu_r12,gpu,1,0,301989888,56623104,5.3333,3.1453,762.4239,0.0733,138.7304,0.1277,72.5429,1.1128,0.2334,398.6613,4.240786e-07,0.000000e+00,4.203496e-05,1,762.4231,0.0000,398.6602
miranda,zfp_gpu_r16,gpu,1,0,301989888,75497472,4.0000,1.9263,890.0543,0.0915,275.5771,0.1562,93.9949,0.2038,0.2311,392.6700,2.650153e-08,0.000000e+00,2.833496e-06,1,890.0533,0.0000,392.6690
miranda,zfp_gpu_r4,gpu,1,0,301989888,18874368,16.0000,4.1785,711.0529,0.1094,162.8666,0.2355,98.4096,1.3664,0.3623,367.5685,1.323060e-04,0.000000e+00,1.231516e-02,1,711.0522,0.0000,367.5676
miranda,zfp_gpu_r8,gpu,1,0,301989888,37748736,8.0000,4.7270,716.7602,0.0645,199.4292,0.2485,103.2025,1.2247,0.2168,362.8941,6.719211e-06,0.000000e+00,6.823176e-04,1,716.7592,0.0000,362.8933
nyx_baryon,bzip2,cpu,1,0,536870912,482357299,1.1130,13.1518,57181.0902,0.1194,247.7990,0.1721,167.6950,2.9395,0.5565,29229.5885,0.000000e+00,0.000000e+00,0.000000e+00,1,57181.0893,0.0000,29229.5874
nyx_baryon,bzip2_vjson,cpu,8,0,536870912,482371056,1.1130,22.4121,53143.4771,0.1137,166.3713,0.2793,163.8086,1.2941,0.3584,28983.8069,0.000000e+00,0.000000e+00,0.000000e+00,1,53143.4763,0.0000,28983.8060
nyx_baryon,cuszp_1e3,gpu,1,0,536870912,125070918,4.2925,20.1963,1231.9676,0.0809,260.9666,0.2292,87.0480,3.2092,0.2269,841.8856,5.773377e-04,1.000000e-03,1.000166e-03,1,1231.9668,0.0000,841.8847
nyx_baryon,cuszp_1e3_vjson,gpu,8,0,536870912,125070918,4.2925,13.2363,1038.0724,0.0789,194.7037,0.1840,141.5798,1.2096,0.2279,811.1493,5.773377e-04,1.000000e-03,1.000166e-03,1,1038.0714,0.0000,811.1484
nyx_baryon,cuszp_1e6,gpu,1,0,536870912,298003290,1.8016,4.1336,1300.0484,0.1026,164.9573,0.1673,103.8883,1.1672,0.3635,988.7051,5.783648e-07,1.000000e-06,1.907349e-06,1,1300.0473,0.0000,988.7042
nyx_baryon,cuszp_1e6_vjson,gpu,8,0,536870912,298003290,1.8016,2.2769,1063.4004,0.0880,198.7490,0.1172,41.8264,2.4137,0.2222,956.4907,5.783648e-07,1.000000e-06,1.907349e-06,1,1063.3996,0.0000,956.4898
nyx_baryon,noop,cpu,1,0,536870912,536870912,1.0000,3.0136,2402.2226,0.1841,275.7381,0.1896,73.8024,2.0814,0.2312,780.8424,0.000000e+00,0.000000e+00,0.000000e+00,1,2402.2217,0.0000,780.8416
nyx_baryon,noop_vjson,cpu,8,0,536870912,536870912,1.0000,17.5003,1460.6522,0.1107,145.5238,0.1277,46.9413,3.9179,0.2295,698.9244,0.000000e+00,0.000000e+00,0.000000e+00,1,1460.6513,0.0000,698.9233
nyx_baryon,sz3_1e3,cpu,1,0,536870912,68416850,7.8471,14.8201,7201.1463,0.0908,209.6135,0.1606,91.6631,3.9554,0.3618,3088.0803,5.766349e-04,1.000000e-03,1.000285e-03,1,7201.1452,0.0000,3088.0795
nyx_baryon,sz3_1e3_vjson,cpu,8,0,536870912,68238391,7.8676,16.5989,4946.4522,0.0592,252.1156,0.1443,54.4928,1.4971,0.2376,2960.1368,5.764940e-04,1.000000e-03,1.000404e-03,1,4946.4515,0.0000,2960.1360
nyx_baryon,sz3_1e6,cpu,1,0,536870912,244302551,2.1976,2.8417,9791.9444,0.0998,188.9006,0.1790,51.0983,3.9101,0.5582,8774.3580,5.530894e-07,1.000000e-06,1.430511e-06,1,9791.9434,0.0000,8774.3572
nyx_baryon,sz3_1e6_vjson,cpu,8,0,536870912,247301169,2.1709,8.0625,7972.4050,0.0973,216.9713,0.1205,62.7338,1.4952,0.2269,8302.5829,5.564586e-07,1.000000e-06,1.430511e-06,1,7972.4042,0.0000,8302.5821
nyx_baryon,szx_1e3,cpu,1,0,536870912,229996763,2.3343,12.3188,2153.9088,0.0660,170.5637,0.1118,172.1158,6.0068,0.2189,1348.7385,2.011786e-04,1.000000e-03,4.882812e-04,1,2153.9080,0.0000,1348.7376
nyx_baryon,szx_1e3_vjson,cpu,8,0,536870912,229996854,2.3343,20.0805,1854.0958,0.0959,370.8513,0.1609,165.8306,1.2901,0.2265,1361.6757,2.011786e-04,1.000000e-03,4.882812e-04,1,1854.0950,0.0000,1361.6748
nyx_baryon,szx_1e6,cpu,1,0,536870912,401969786,1.3356,12.5312,2233.0823,0.0688,290.8964,0.1218,141.6015,2.2093,0.2822,1512.9077,1.711516e-07,1.000000e-06,4.768372e-07,1,2233.0814,0.0000,1512.9068
nyx_baryon,szx_1e6_vjson,cpu,8,0,536870912,401969877,1.3356,11.7335,2901.5729,0.1000,203.6587,2.2415,51.0820,0.1842,0.2413,1521.4877,1.711516e-07,1.000000e-06,4.768372e-07,1,2901.5720,0.0000,1521.4869
nyx_baryon,zfp_1e3,cpu,1,0,536870912,146209142,3.6719,2.7812,3986.2308,0.0781,266.7906,0.1647,225.4963,1.3083,0.2224,2283.4383,4.265499e-05,1.000000e-03,2.918243e-04,1,3986.2299,0.0000,2283.4374
nyx_baryon,zfp_1e6,cpu,1,0,536870912,313982290,1.7099,2.7326,5245.7291,0.0784,237.3465,0.1362,204.2692,0.1882,0.2203,3359.2901,4.332273e-08,1.000000e-06,4.768372e-07,1,5245.7282,0.0000,3359.2893
nyx_baryon,zfp_cpu_r12,cpu,1,0,536870912,201326592,2.6667,2.6448,4996.1746,0.0871,324.9583,0.8524,69.8151,1.3897,0.2314,2687.5531,1.632452e-05,0.000000e+00,1.527905e-03,1,4996.1737,0.0000,2687.5522
nyx_baryon,zfp_cpu_r16,cpu,1,0,536870912,268435456,2.0000,4.7631,5691.4376,0.0916,450.6678,0.1611,55.3975,1.2315,0.2298,3077.9394,1.020320e-06,0.000000e+00,1.039505e-04,1,5691.4368,0.0000,3077.9384
nyx_baryon,zfp_cpu_r4,cpu,1,0,536870912,67108864,8.0000,15.6919,3564.3646,0.1006,450.0798,0.1262,34.8426,2.9406,0.2340,1748.4465,3.990804e-03,0.000000e+00,3.861322e-01,1,3564.3636,0.0000,1748.4456
nyx_baryon,zfp_cpu_r8,cpu,1,0,536870912,134217728,4.0000,3.3462,4308.8258,0.0978,426.8417,0.2612,55.9607,1.4061,0.3572,2263.0786,2.611385e-04,0.000000e+00,2.497339e-02,1,4308.8248,0.0000,2263.0777
nyx_baryon,zfp_gpu_r12,gpu,1,0,536870912,201326592,2.6667,6.9925,1600.1216,0.0765,254.7632,0.1944,48.6107,1.1938,0.2216,798.6209,1.632452e-05,0.000000e+00,1.527905e-03,1,1600.1208,0.0000,798.6200
nyx_baryon,zfp_gpu_r16,gpu,1,0,536870912,268435456,2.0000,5.7107,1833.9214,0.0970,257.9087,0.1960,33.1316,1.2822,0.3726,776.2189,1.020320e-06,0.000000e+00,1.039505e-04,1,1833.9203,0.0000,776.2180
nyx_baryon,zfp_gpu_r4,gpu,1,0,536870912,67108864,8.0000,2.6051,1057.2938,0.1210,323.2134,0.3073,25.9990,2.5549,0.2348,686.6619,3.990804e-03,0.000000e+00,3.861322e-01,1,1057.2931,0.0000,686.6610
nyx_baryon,zfp_gpu_r8,gpu,1,0,536870912,134217728,4.0000,3.1517,1298.6317,0.0708,274.6549,0.1825,32.2390,1.2105,0.2219,699.6400,2.611385e-04,0.000000e+00,2.497339e-02,1,1298.6309,0.0000,699.6391
ocean_temp,bzip2,cpu,1,0,129123840,85602141,1.5084,2.1476,13241.5647,0.0991,172.4283,0.2158,68.2186,1.4265,0.3676,5702.4464,0.000000e+00,0.000000e+00,0.000000e+00,1,13241.5638,0.0000,5702.4453
ocean_temp,bzip2_vjson,cpu,8,0,129123840,85381698,1.5123,9.6677,12180.1329,0.1047,214.9079,0.2558,42.5472,3.6290,0.3614,5611.4347,0.000000e+00,0.000000e+00,0.000000e+00,1,12180.1322,0.0000,5611.4339
ocean_temp,cuszp_1e3,gpu,1,0,129123840,34825114,3.7078,3.7773,359.6289,0.0753,358.0208,0.1602,78.9346,1.8068,0.2423,200.3937,5.772823e-04,1.000000e-03,1.000404e-03,1,359.6278,0.0000,200.3929
ocean_temp,cuszp_1e3_vjson,gpu,8,0,129123840,34831524,3.7071,3.0345,200.8904,0.0527,164.0432,0.1554,48.9401,1.0951,0.2266,56.7011,5.772823e-04,1.000000e-03,1.000404e-03,1,200.8897,0.0000,56.7003
ocean_temp,cuszp_1e6,gpu,1,0,129123840,75968962,1.6997,21.3044,455.1554,0.0689,190.8751,0.1608,127.1914,2.4492,0.2323,235.9827,7.317529e-07,1.000000e-06,1.907349e-06,1,455.1545,0.0000,235.9818
ocean_temp,cuszp_1e6_vjson,gpu,8,0,129123840,75974878,1.6996,4.4820,285.4499,0.0789,175.4499,0.1423,91.7351,2.2004,0.2302,73.4659,7.317529e-07,1.000000e-06,1.907349e-06,1,285.4491,0.0000,73.4652
ocean_temp,noop,cpu,1,0,129123840,129123840,1.0000,1.6296,627.2820,0.1675,336.9147,0.2267,205.7389,3.5286,0.3403,182.8781,0.000000e+00,0.000000e+00,0.000000e+00,1,627.2811,0.0000,182.8770
ocean_temp,noop_vjson,cpu,8,0,129123840,129123840,1.0000,12.0049,515.8280,0.0604,175.9000,0.1316,168.5671,3.7723,0.2238,61.6316,0.000000e+00,0.000000e+00,0.000000e+00,1,515.8270,0.0000,61.6308
ocean_temp,sz3_1e3,cpu,1,0,129123840,19884614,6.4937,5.1145,1751.9957,0.0703,150.5251,0.1518,66.8772,4.7098,0.2357,707.9872,5.701095e-04,1.000000e-03,9.999275e-04,1,1751.9949,0.0000,707.9864
ocean_temp,sz3_1e3_vjson,cpu,8,0,129123840,22073694,5.8497,6.3589,1231.5097,0.0800,215.5849,0.1867,157.4843,5.3169,0.2279,653.5329,5.495285e-04,1.000000e-03,1.003265e-03,1,1231.5089,0.0000,653.5321
ocean_temp,sz3_1e6,cpu,1,0,129123840,66251471,1.9490,2.5898,3261.5602,0.0874,157.3717,0.2094,110.8469,7.4531,0.3610,2213.4799,6.688734e-07,1.000000e-06,6.675720e-06,0,3261.5594,0.0000,2213.4791
ocean_temp,sz3_1e6_vjson,cpu,8,0,129123840,71643490,1.8023,5.4345,2853.3887,0.0697,494.0176,0.1536,75.8143,1.5607,0.2326,2193.3639,6.352648e-07,1.000000e-06,4.768372e-06,0,2853.3879,0.0000,2193.3631
ocean_temp,szx_1e3,cpu,1,0,129123840,54853839,2.3540,6.0306,648.1225,0.0726,208.2900,0.1481,54.7979,2.5373,0.3199,342.1620,1.915974e-04,1.000000e-03,4.882812e-04,1,648.1215,0.0000,342.1610
ocean_temp,szx_1e3_vjson,cpu,8,0,129123840,54843307,2.3544,3.4250,466.1152,0.0696,173.0284,0.1519,124.8537,1.5465,0.2300,191.4976,1.917496e-04,1.000000e-03,4.882812e-04,1,466.1144,0.0000,191.4969
ocean_temp,szx_1e6,cpu,1,0,129123840,95744942,1.3486,3.7937,717.6719,0.0863,201.8803,0.6241,194.2046,1.4159,0.2299,382.7941,0.000000e+00,1.000000e-06,0.000000e+00,1,717.6710,0.0000,382.7929
ocean_temp,szx_1e6_vjson,cpu,8,0,129123840,95727288,1.3489,3.2288,471.2528,0.0862,150.7670,0.1388,173.8304,1.2342,0.2352,206.3465,0.000000e+00,1.000000e-06,0.000000e+00,1,471.2518,0.0000,206.3460
ocean_temp,zfp_1e3,cpu,1,0,129123840,39637515,3.2576,5.8583,1209.1103,0.0637,191.6434,0.1500,89.6392,1.2175,0.2268,578.8490,4.143605e-05,1.000000e-03,2.861023e-04,1,1209.1092,0.0000,578.8479
ocean_temp,zfp_1e6,cpu,1,0,129123840,82202943,1.5708,6.1649,1513.5702,0.0672,202.3070,0.1722,173.7708,1.1325,0.2243,860.6101,7.737601e-10,1.000000e-06,4.768372e-07,1,1513.5694,0.0000,860.6087
ocean_temp,zfp_cpu_r12,cpu,1,0,129123840,51269760,2.5185,2.2779,1446.2729,0.0788,300.5629,0.1583,84.9153,1.8046,0.2284,666.6558,1.751554e-05,0.000000e+00,1.611233e-03,1,1446.2718,0.0000,666.6550
ocean_temp,zfp_cpu_r16,cpu,1,0,129123840,68359680,1.8889,4.1142,1799.8486,0.0834,159.9826,0.1525,128.2053,6.7349,0.2254,774.9778,1.113540e-06,0.000000e+00,1.139641e-04,1,1799.8477,0.0000,774.9769
ocean_temp,zfp_cpu_r4,cpu,1,0,129123840,17089920,7.5556,4.1190,1066.8757,0.0635,343.5804,0.1489,44.2261,1.2449,0.2234,411.6560,4.110138e-03,0.000000e+00,3.759661e-01,1,1066.8749,0.0000,411.6550
ocean_temp,zfp_cpu_r8,cpu,1,0,129123840,34179840,3.7778,3.0362,1288.4802,0.0762,251.7456,0.1570,43.4731,2.1857,0.2301,547.8982,2.793029e-04,0.000000e+00,2.552462e-02,1,1288.4794,0.0000,547.8970
ocean_temp,zfp_gpu_r12,gpu,1,0,129123840,51269760,2.5185,2.3786,554.7390,0.0834,233.8041,0.1842,67.8881,2.7032,0.2259,199.5432,1.751554e-05,0.000000e+00,1.611233e-03,1,554.7378,0.0000,199.5421
ocean_temp,zfp_gpu_r16,gpu,1,0,129123840,68359680,1.8889,2.3884,643.4729,0.0817,169.2946,0.1278,53.7020,2.3035,0.2325,200.9157,1.113540e-06,0.000000e+00,1.139641e-04,1,643.4721,0.0000,200.9147
ocean_temp,zfp_gpu_r4,gpu,1,0,129123840,17089920,7.5556,9.9640,391.6677,0.1149,152.9918,0.1604,75.4444,1.2472,0.2348,162.4312,4.110138e-03,0.000000e+00,3.759661e-01,1,391.6664,0.0000,162.4304
ocean_temp,zfp_gpu_r8,gpu,1,0,129123840,34179840,3.7778,2.0025,429.7340,0.0849,200.2098,0.2258,69.8633,1.2829,0.3561,173.3581,2.793029e-04,0.000000e+00,2.552462e-02,1,429.7332,0.0000,173.3573
s3d,bzip2,cpu,1,0,1000000000,884616732,1.1304,2.2984,109777.9413,0.1238,190.6178,0.1734,161.3389,2.5936,0.3655,53971.2166,0.000000e+00,0.000000e+00,0.000000e+00,1,109777.9382,0.0000,53971.2139
s3d,bzip2_vjson,cpu,8,0,1000000000,884625164,1.1304,37.7596,103773.8661,0.1089,196.8366,3.5525,170.2308,0.2189,0.3607,53759.4812,0.000000e+00,0.000000e+00,0.000000e+00,1,103773.8633,0.0000,53759.4803
s3d,cuszp_1e3,gpu,1,0,1000000000,21635458,46.2204,39.5834,1659.6939,0.0621,192.5925,0.1493,47.0171,2.3156,0.4119,1484.7982,4.898672e-04,1.000000e-03,1.000000e-03,1,1659.6931,0.0000,1484.7972
s3d,cuszp_1e3_vjson,gpu,8,0,1000000000,21669475,46.1479,16.2687,1116.5385,0.0392,179.9005,0.1380,100.8847,7.0066,0.3237,1340.5251,4.898672e-04,1.000000e-03,1.000000e-03,1,1116.5376,0.0000,1340.5241
s3d,cuszp_1e6,gpu,1,0,1000000000,66029903,15.1447,2.0891,1589.9469,0.0634,167.9554,0.1320,155.9474,0.1823,0.2237,1327.2550,3.420841e-07,1.000000e-06,1.000000e-06,1,1589.9460,0.0000,1327.2518
s3d,cuszp_1e6_vjson,gpu,8,0,1000000000,66064114,15.1368,4.8428,1239.0271,0.0522,290.1299,0.1146,96.8949,1.9883,0.2431,1388.5362,3.420841e-07,1.000000e-06,1.000000e-06,1,1239.0262,0.0000,1388.5353
s3d,noop,cpu,1,0,1000000000,1000000000,1.0000,4.5007,4502.9775,0.1984,181.9430,0.2392,181.4833,4.1742,0.3997,1537.7969,0.000000e+00,0.000000e+00,0.000000e+00,1,4502.9745,0.0000,1537.7959
s3d,noop_vjson,cpu,8,0,1000000000,1008000000,0.9921,5.7098,2735.1350,0.0876,186.1388,0.1537,66.6803,5.6284,0.2302,1311.9600,0.000000e+00,0.000000e+00,0.000000e+00,1,2735.1341,0.0000,1311.9589
s3d,sz3_1e3,cpu,1,0,1000000000,52080,19201.2289,2.3395,6048.8305,0.0490,144.8338,0.2611,69.2459,0.2109,0.3607,1350.6150,1.246576e-04,1.000000e-03,9.999531e-04,1,6048.8279,0.0000,1350.6141
s3d,sz3_1e3_vjson,cpu,8,0,1000000000,104825,9539.7090,29.4056,3585.3524,0.0372,205.4246,0.1959,58.4732,8.6330,0.2784,1363.3255,1.325658e-04,1.000000e-03,9.999887e-04,1,3585.3515,0.0000,1363.3245
s3d,sz3_1e6,cpu,1,0,1000000000,4091055,244.4357,5.3834,6368.5425,0.0506,47.7818,0.2049,47.0231,2.0162,0.3595,1471.0439,2.617416e-07,1.000000e-06,9.999999e-07,1,6368.5388,0.0000,1471.0429
s3d,sz3_1e6_vjson,cpu,8,0,1000000000,5084145,196.6899,3.6745,4008.8476,0.0418,90.1993,0.1467,47.8212,5.4155,0.2379,1480.6994,2.806656e-07,1.000000e-06,9.999999e-07,1,4008.8467,0.0000,1480.6984
s3d,szx_1e3,cpu,1,0,1000000000,38287279,26.1183,2.2471,1754.6515,0.0594,211.9781,0.1527,87.4244,2.7307,0.2389,1339.2732,3.308019e-04,1.000000e-03,9.999905e-04,1,1754.6505,0.0000,1339.2723
s3d,szx_1e3_vjson,cpu,8,0,1000000000,38320996,26.0954,5.8844,1369.4375,0.0505,172.0591,0.1114,104.0989,2.8095,0.2321,1385.6603,3.309161e-04,1.000000e-03,9.999320e-04,1,1369.4365,0.0000,1385.6595
s3d,szx_1e6,cpu,1,0,1000000000,126211286,7.9232,3.5899,1868.5823,0.0743,217.5414,0.1295,218.7599,1.3785,0.2327,1525.7475,3.624987e-07,1.000000e-06,9.996329e-07,1,1868.5812,0.0000,1525.7463
s3d,szx_1e6_vjson,cpu,8,0,1000000000,126237458,7.9216,5.1832,1693.7385,0.0684,184.7721,0.1620,165.3361,2.1316,0.2294,1609.4902,3.624966e-07,1.000000e-06,9.993522e-07,1,1693.7375,0.0000,1609.4891
s3d,zfp_1e3,cpu,1,0,1000000000,6089034,164.2297,2.9928,2095.6756,0.0419,124.0864,0.1357,55.8520,1.4411,0.2355,896.8772,8.765297e-06,1.000000e-03,1.366623e-04,1,2095.6747,0.0000,896.8763
s3d,zfp_1e6,cpu,1,0,1000000000,24221382,41.2858,3.7222,2873.5007,0.0566,228.1452,0.1158,65.9742,5.5548,0.2279,1186.1708,1.920152e-08,1.000000e-06,1.989581e-07,1,2873.4998,0.0000,1186.1699
s3d,zfp_cpu_r12,cpu,1,0,1000000000,187500000,5.3333,4.2345,7311.4300,0.1080,255.4145,0.2170,111.3545,0.2031,0.3630,3359.4528,8.514477e-11,0.000000e+00,8.036203e-09,1,7311.4276,0.0000,3359.4519
s3d,zfp_cpu_r16,cpu,1,0,1000000000,250000000,4.0000,3.5624,8156.2915,0.0658,336.7588,0.1281,165.8505,1.9398,0.2252,3930.4065,5.312260e-12,0.000000e+00,6.187483e-10,1,8156.2906,0.0000,3930.4055
s3d,zfp_cpu_r4,cpu,1,0,1000000000,62500000,16.0000,37.7354,5135.5357,0.0933,224.5524,0.1516,183.7630,1.1993,0.2385,2049.6684,5.735426e-08,0.000000e+00,3.710373e-06,1,5135.5345,0.0000,2049.6675
s3d,zfp_cpu_r8,cpu,1,0,1000000000,125000000,8.0000,6.5401,6356.5017,0.0792,285.0150,0.1581,152.3285,2.8078,0.2344,2768.4044,1.567633e-09,0.000000e+00,1.264189e-07,1,6356.5007,0.0000,2768.4034
s3d,zfp_gpu_r12,gpu,1,0,1000000000,187500000,5.3333,2.0005,2237.6045,0.0843,206.7484,0.1143,60.5708,3.0265,0.3207,1230.6980,8.514477e-11,0.000000e+00,8.036203e-09,1,2237.6033,0.0000,1230.6971
s3d,zfp_gpu_r16,gpu,1,0,1000000000,250000000,4.0000,5.9484,2397.1104,0.0922,270.6677,0.1508,154.5541,1.1558,0.3009,1268.0462,5.312260e-12,0.000000e+00,6.187483e-10,1,2397.1096,0.0000,1268.0454
s3d,zfp_gpu_r4,gpu,1,0,1000000000,62500000,16.0000,5.2303,1835.9720,0.1519,113.1937,0.2249,99.1025,2.0468,0.4091,1185.9600,5.735426e-08,0.000000e+00,3.710373e-06,1,1835.9712,0.0000,1185.9591
s3d,zfp_gpu_r8,gpu,1,0,1000000000,125000000,8.0000,3.0289,1969.0205,0.0713,157.9070,0.1711,60.0576,1.1735,0.2238,1466.8823,1.567633e-09,0.000000e+00,1.264189e-07,1,1969.0195,0.0000,1466.8813
scale-T,bzip2,cpu,1,0,564480000,212644042,2.6546,12.9230,52547.5352,0.1045,170.8234,0.1880,127.7425,1.9547,0.3632,18768.3832,0.000000e+00,0.000000e+00,0.000000e+00,1,52547.5340,0.0000,18768.3822
scale-T,bzip2_vjson,cpu,8,0,564480000,212613574,2.6550,31.6826,49334.5783,0.0898,165.0257,0.2002,131.2014,1.1438,0.3551,19027.4634,0.000000e+00,0.000000e+00,0.000000e+00,1,49334.5774,0.0000,19027.4626
scale-T,cuszp_1e3,gpu,1,0,564480000,45343984,12.4488,36.7938,1086.5606,0.0721,306.9524,0.2399,140.2130,3.0305,0.2217,838.1577,5.773690e-04,1.000000e-03,1.000404e-03,1,1086.5597,0.0000,838.1567
scale-T,cuszp_1e3_vjson,gpu,8,-1,564480000,0,0,-1,-1,-1,-1,-1,-1,-1,-1,-1,-1,-1,-1,0,-1,-1,-1
scale-T,cuszp_1e6,gpu,1,0,564480000,170638100,3.3081,2.9861,1162.9683,0.0753,186.8346,0.1723,71.8031,1.2483,0.2303,868.2121,6.264479e-07,1.000000e-06,1.430511e-06,1,1162.9672,0.0000,868.2113
scale-T,cuszp_1e6_vjson,gpu,8,-1,564480000,0,0,-1,-1,-1,-1,-1,-1,-1,-1,-1,-1,-1,-1,0,-1,-1,-1
scale-T,noop,cpu,1,0,564480000,564480000,1.0000,2.0392,2512.9688,0.1691,179.5851,0.2293,176.7032,2.5413,0.2669,862.9551,0.000000e+00,0.000000e+00,0.000000e+00,1,2512.9679,0.0000,862.9541
scale-T,noop_vjson,cpu,8,0,564480000,599040000,0.9423,26.6581,1720.0878,0.0810,178.3534,0.1209,166.7469,3.1983,0.2237,838.4929,0.000000e+00,0.000000e+00,0.000000e+00,1,1720.0870,0.0000,838.4917
scale-T,sz3_1e3,cpu,1,0,564480000,2222139,254.0255,9.6211,6274.7220,0.0597,82.1808,0.2111,47.4769,7.3763,0.3493,1223.0133,3.688738e-04,1.000000e-03,9.999275e-04,1,6274.7212,0.0000,1223.0123
scale-T,sz3_1e3_vjson,cpu,8,0,564480000,3305699,170.7596,71.9837,4078.4196,0.0461,119.1034,0.1416,44.4827,1.1841,0.2305,1281.4895,4.027452e-04,1.000000e-03,1.001358e-03,1,4078.4189,0.0000,1281.4884
scale-T,sz3_1e6,cpu,1,0,564480000,128449394,4.3946,5.8973,7449.7083,0.0870,284.1168,0.1726,151.8995,1.1122,0.3753,4037.4951,6.673223e-07,1.000000e-06,6.198883e-06,0,7449.7074,0.0000,4037.4942
scale-T,sz3_1e6_vjson,cpu,8,0,564480000,130715762,4.3184,5.6671,5821.1460,0.0818,252.5849,0.1449,202.2263,4.2233,0.2292,3889.3522,6.423360e-07,1.000000e-06,4.768372e-06,0,5821.1451,0.0000,3889.3511
scale-T,szx_1e3,cpu,1,0,564480000,105970700,5.3268,9.8968,1860.5625,0.0733,242.7489,0.1263,107.1494,2.7965,0.2289,1282.6478,2.134786e-04,1.000000e-03,9.999275e-04,1,1860.5616,0.0000,1282.6469
scale-T,szx_1e3_vjson,cpu,8,0,564480000,106249234,5.3128,2.1706,1841.0010,0.0563,151.8282,0.1065,152.7171,1.5724,0.2249,1339.4636,2.134786e-04,1.000000e-03,9.999275e-04,1,1841.0001,0.0000,1339.4624
scale-T,szx_1e6,cpu,1,0,564480000,289202513,1.9519,2.6805,2374.5133,0.0867,179.8339,0.1398,50.2900,1.1722,0.2290,1432.9849,0.000000e+00,1.000000e-06,0.000000e+00,1,2374.5123,0.0000,1432.9839
scale-T,szx_1e6_vjson,cpu,8,0,564480000,289481047,1.9500,2.2927,2194.3598,0.0691,178.3577,0.1176,96.9177,1.2870,0.2241,1487.9318,0.000000e+00,1.000000e-06,0.000000e+00,1,2194.3589,0.0000,1487.9309
scale-T,zfp_1e3,cpu,1,0,564480000,50978121,11.0730,3.4387,3918.7186,0.0740,181.4895,0.1366,33.7610,0.2025,0.2296,1327.0275,2.848555e-05,1.000000e-03,2.698898e-04,1,3918.7175,0.0000,1327.0267
scale-T,zfp_1e6,cpu,1,0,564480000,215880622,2.6148,2.3688,5754.8313,0.0826,224.0425,0.1425,115.5989,0.2232,0.2298,2784.5754,1.753225e-08,1.000000e-06,4.768372e-07,1,5754.8304,0.0000,2784.5746
scale-T,zfp_cpu_r12,cpu,1,0,564480000,216000000,2.6133,6.1327,6407.1470,0.0873,323.5878,0.1328,168.9015,2.3205,0.2301,2778.2668,1.085722e-07,0.000000e+00,6.198883e-06,1,6407.1462,0.0000,2778.2659
scale-T,zfp_cpu_r16,cpu,1,0,564480000,288000000,1.9600,2.7621,6983.4725,0.1144,89.3854,0.1951,130.4015,1.2481,0.2287,2895.8064,7.700159e-10,0.000000e+00,4.768372e-07,1,6983.4717,0.0000,2895.8056
scale-T,zfp_cpu_r4,cpu,1,0,564480000,72000000,7.8400,12.2620,4547.6234,0.0822,305.6774,0.1225,162.3067,2.3923,0.2268,1589.2044,2.433547e-05,0.000000e+00,1.458645e-03,1,4547.6225,0.0000,1589.2036
scale-T,zfp_cpu_r8,cpu,1,0,564480000,144000000,3.9200,3.2121,5748.7196,0.0919,477.6217,0.2510,155.3377,1.1533,0.2305,2314.9418,1.732433e-06,0.000000e+00,1.001358e-04,1,5748.7188,0.0000,2314.9410
scale-T,zfp_gpu_r12,gpu,1,0,564480000,216000000,2.6133,2.4895,1680.2605,0.0961,164.8204,0.2058,108.3041,1.2575,0.2397,776.6752,1.085722e-07,0.000000e+00,6.198883e-06,1,1680.2597,0.0000,776.6744
scale-T,zfp_gpu_r16,gpu,1,0,564480000,288000000,1.9600,5.4214,2066.9700,0.0999,214.8458,0.1784,56.1699,2.2300,0.3464,1259.9597,5.521381e+00,0.000000e+00,5.754571e+00,1,2066.9692,0.0000,1259.9589
scale-T,zfp_gpu_r4,gpu,1,0,564480000,72000000,7.8400,11.7924,1156.8257,0.1124,286.2758,0.5660,121.1422,3.3904,0.2701,773.9522,2.433547e-05,0.000000e+00,1.458645e-03,1,1156.8250,0.0000,773.9513
scale-T,zfp_gpu_r8,gpu,1,0,564480000,144000000,3.9200,2.5975,1545.3612,0.0717,215.5653,0.1779,110.3860,1.2417,0.2171,839.9653,1.732433e-06,0.000000e+00,1.001358e-04,1,1545.3604,0.0000,839.9640
