dataset,compressor,chunk_n,rep,run
einspline37,bzip2,1,-1,h5zcomp_einspline37_v2
einspline37,bzip2_vjson,8,0,h5zcomp_einspline37_v2
einspline37,cuszp_1e3,1,-1,h5zcomp_einspline37_v2
einspline37,cuszp_1e3_vjson,8,-1,h5zcomp_einspline37_v2
einspline37,cuszp_1e6,1,-1,h5zcomp_einspline37_v2
einspline37,cuszp_1e6_vjson,8,-1,h5zcomp_einspline37_v2
einspline37,noop,1,-1,h5zcomp_einspline37_v2
einspline37,noop_vjson,8,0,h5zcomp_einspline37_v2
einspline37,sz3_1e3,1,0,h5zcomp_einspline37_v2
einspline37,sz3_1e3_vjson,8,0,h5zcomp_einspline37_v2
einspline37,sz3_1e6,1,-1,h5zcomp_einspline37_v2
einspline37,sz3_1e6_vjson,8,0,h5zcomp_einspline37_v2
einspline37,szx_1e3,1,-1,h5zcomp_einspline37_v2
einspline37,szx_1e3_vjson,8,0,h5zcomp_einspline37_v2
einspline37,szx_1e6,1,-1,h5zcomp_einspline37_v2
einspline37,szx_1e6_vjson,8,0,h5zcomp_einspline37_v2
einspline37,zfp_1e3,1,-1,h5zcomp_einspline37_v2
einspline37,zfp_1e6,1,-1,h5zcomp_einspline37_v2
einspline37,zfp_cpu_r12,1,-1,h5zcomp_einspline37_v2
einspline37,zfp_cpu_r16,1,-1,h5zcomp_einspline37_v2
einspline37,zfp_cpu_r4,1,0,h5zcomp_einspline37_v2
einspline37,zfp_cpu_r8,1,0,h5zcomp_einspline37_v2
einspline37,zfp_gpu_r12,1,-1,h5zcomp_einspline37_v2
einspline37,zfp_gpu_r16,1,-1,h5zcomp_einspline37_v2
einspline37,zfp_gpu_r4,1,-1,h5zcomp_einspline37_v2
einspline37,zfp_gpu_r8,1,-1,h5zcomp_einspline37_v2
miranda,bzip2,1,0,h5zcomp_miranda
miranda,bzip2_vjson,8,0,h5zcomp_miranda
miranda,cuszp_1e3,1,0,h5zcomp_miranda
miranda,cuszp_1e3_vjson,8,0,h5zcomp_miranda
miranda,cuszp_1e6,1,0,h5zcomp_miranda
miranda,cuszp_1e6_vjson,8,0,h5zcomp_miranda
miranda,noop,1,0,h5zcomp_miranda
miranda,noop_vjson,8,0,h5zcomp_miranda
miranda,sz3_1e3,1,0,h5zcomp_miranda
miranda,sz3_1e3_vjson,8,0,h5zcomp_miranda
miranda,sz3_1e6,1,0,h5zcomp_miranda
miranda,sz3_1e6_vjson,8,0,h5zcomp_miranda
miranda,szx_1e3,1,0,h5zcomp_miranda
miranda,szx_1e3_vjson,8,0,h5zcomp_miranda
miranda,szx_1e6,1,0,h5zcomp_miranda
miranda,szx_1e6_vjson,8,0,h5zcomp_miranda
miranda,zfp_1e3,1,0,h5zcomp_miranda
miranda,zfp_1e6,1,0,h5zcomp_miranda
miranda,zfp_cpu_r12,1,0,h5zcomp_miranda
miranda,zfp_cpu_r16,1,0,h5zcomp_miranda
miranda,zfp_cpu_r4,1,0,h5zcomp_miranda
miranda,zfp_cpu_r8,1,0,h5zcomp_miranda
miranda,zfp_gpu_r12,1,0,zfpgpu_miranda
miranda,zfp_gpu_r16,1,0,zfpgpu_miranda
miranda,zfp_gpu_r4,1,0,zfpgpu_miranda
miranda,zfp_gpu_r8,1,0,zfpgpu_miranda
nyx_baryon,bzip2,1,0,h5zcomp_nyx_baryon
nyx_baryon,bzip2_vjson,8,0,h5zcomp_nyx_baryon
nyx_baryon,cuszp_1e3,1,0,h5zcomp_nyx_baryon
nyx_baryon,cuszp_1e3_vjson,8,0,h5zcomp_nyx_baryon
nyx_baryon,cuszp_1e6,1,0,h5zcomp_nyx_baryon
nyx_baryon,cuszp_1e6_vjson,8,0,h5zcomp_nyx_baryon
nyx_baryon,noop,1,0,h5zcomp_nyx_baryon
nyx_baryon,noop_vjson,8,0,h5zcomp_nyx_baryon
nyx_baryon,sz3_1e3,1,0,h5zcomp_nyx_baryon
nyx_baryon,sz3_1e3_vjson,8,0,h5zcomp_nyx_baryon
nyx_baryon,sz3_1e6,1,0,h5zcomp_nyx_baryon
nyx_baryon,sz3_1e6_vjson,8,0,h5zcomp_nyx_baryon
nyx_baryon,szx_1e3,1,0,h5zcomp_nyx_baryon
nyx_baryon,szx_1e3_vjson,8,0,h5zcomp_nyx_baryon
nyx_baryon,szx_1e6,1,0,h5zcomp_nyx_baryon
nyx_baryon,szx_1e6_vjson,8,0,h5zcomp_nyx_baryon
nyx_baryon,zfp_1e3,1,0,h5zcomp_nyx_baryon
nyx_baryon,zfp_1e6,1,0,h5zcomp_nyx_baryon
nyx_baryon,zfp_cpu_r12,1,0,h5zcomp_nyx_baryon
nyx_baryon,zfp_cpu_r16,1,0,h5zcomp_nyx_baryon
nyx_baryon,zfp_cpu_r4,1,0,h5zcomp_nyx_baryon
nyx_baryon,zfp_cpu_r8,1,0,h5zcomp_nyx_baryon
nyx_baryon,zfp_gpu_r12,1,0,zfpgpu_nyx_baryon
nyx_baryon,zfp_gpu_r16,1,0,zfpgpu_nyx_baryon
nyx_baryon,zfp_gpu_r4,1,0,zfpgpu_nyx_baryon
nyx_baryon,zfp_gpu_r8,1,0,zfpgpu_nyx_baryon
ocean_temp,bzip2,1,0,h5zcomp_ocean_temp
ocean_temp,bzip2_vjson,8,0,h5zcomp_ocean_temp
ocean_temp,cuszp_1e3,1,0,h5zcomp_ocean_temp
ocean_temp,cuszp_1e3_vjson,8,0,h5zcomp_ocean_temp
ocean_temp,cuszp_1e6,1,0,h5zcomp_ocean_temp
ocean_temp,cuszp_1e6_vjson,8,0,h5zcomp_ocean_temp
ocean_temp,noop,1,0,h5zcomp_ocean_temp
ocean_temp,noop_vjson,8,0,h5zcomp_ocean_temp
ocean_temp,sz3_1e3,1,0,h5zcomp_ocean_temp
ocean_temp,sz3_1e3_vjson,8,0,h5zcomp_ocean_temp
ocean_temp,sz3_1e6,1,0,h5zcomp_ocean_temp
ocean_temp,sz3_1e6_vjson,8,0,h5zcomp_ocean_temp
ocean_temp,szx_1e3,1,0,h5zcomp_ocean_temp
ocean_temp,szx_1e3_vjson,8,0,h5zcomp_ocean_temp
ocean_temp,szx_1e6,1,0,h5zcomp_ocean_temp
ocean_temp,szx_1e6_vjson,8,0,h5zcomp_ocean_temp
ocean_temp,zfp_1e3,1,0,h5zcomp_ocean_temp
ocean_temp,zfp_1e6,1,0,h5zcomp_ocean_temp
ocean_temp,zfp_cpu_r12,1,0,h5zcomp_ocean_temp
ocean_temp,zfp_cpu_r16,1,0,h5zcomp_ocean_temp
ocean_temp,zfp_cpu_r4,1,0,h5zcomp_ocean_temp
ocean_temp,zfp_cpu_r8,1,0,h5zcomp_ocean_temp
ocean_temp,zfp_gpu_r12,1,0,zfpgpu_ocean_temp
ocean_temp,zfp_gpu_r16,1,0,zfpgpu_ocean_temp
ocean_temp,zfp_gpu_r4,1,0,zfpgpu_ocean_temp
ocean_temp,zfp_gpu_r8,1,0,zfpgpu_ocean_temp
s3d,bzip2,1,0,h5zcomp_s3d
s3d,bzip2_vjson,8,0,h5zcomp_s3d
s3d,cuszp_1e3,1,0,h5zcomp_s3d
s3d,cuszp_1e3_vjson,8,0,h5zcomp_s3d
s3d,cuszp_1e6,1,0,h5zcomp_s3d
s3d,cuszp_1e6_vjson,8,0,h5zcomp_s3d
s3d,noop,1,0,h5zcomp_s3d
s3d,noop_vjson,8,0,h5zcomp_s3d
s3d,sz3_1e3,1,0,h5zcomp_s3d
s3d,sz3_1e3_vjson,8,0,h5zcomp_s3d
s3d,sz3_1e6,1,0,h5zcomp_s3d
s3d,sz3_1e6_vjson,8,0,h5zcomp_s3d
s3d,szx_1e3,1,0,h5zcomp_s3d
s3d,szx_1e3_vjson,8,0,h5zcomp_s3d
s3d,szx_1e6,1,0,h5zcomp_s3d
s3d,szx_1e6_vjson,8,0,h5zcomp_s3d
s3d,zfp_1e3,1,0,h5zcomp_s3d
s3d,zfp_1e6,1,0,h5zcomp_s3d
s3d,zfp_cpu_r12,1,0,h5zcomp_s3d
s3d,zfp_cpu_r16,1,0,h5zcomp_s3d
s3d,zfp_cpu_r4,1,0,h5zcomp_s3d
s3d,zfp_cpu_r8,1,0,h5zcomp_s3d
s3d,zfp_gpu_r12,1,0,zfpgpu_s3d
s3d,zfp_gpu_r16,1,0,zfpgpu_s3d
s3d,zfp_gpu_r4,1,0,zfpgpu_s3d
s3d,zfp_gpu_r8,1,0,zfpgpu_s3d
scale-T,bzip2,1,0,h5zcomp_scale-T
scale-T,bzip2_vjson,8,0,h5zcomp_scale-T
scale-T,cuszp_1e3,1,0,h5zcomp_scale-T
scale-T,cuszp_1e3_vjson,8,-1,h5zcomp_scale-T
scale-T,cuszp_1e6,1,0,h5zcomp_scale-T
scale-T,cuszp_1e6_vjson,8,-1,h5zcomp_scale-T
scale-T,noop,1,0,h5zcomp_scale-T
scale-T,noop_vjson,8,0,h5zcomp_scale-T
scale-T,sz3_1e3,1,0,h5zcomp_scale-T
scale-T,sz3_1e3_vjson,8,0,h5zcomp_scale-T
scale-T,sz3_1e6,1,0,h5zcomp_scale-T
scale-T,sz3_1e6_vjson,8,0,h5zcomp_scale-T
scale-T,szx_1e3,1,0,h5zcomp_scale-T
scale-T,szx_1e3_vjson,8,0,h5zcomp_scale-T
scale-T,szx_1e6,1,0,h5zcomp_scale-T
scale-T,szx_1e6_vjson,8,0,h5zcomp_scale-T
scale-T,zfp_1e3,1,0,h5zcomp_scale-T
scale-T,zfp_1e6,1,0,h5zcomp_scale-T
scale-T,zfp_cpu_r12,1,0,h5zcomp_scale-T
scale-T,zfp_cpu_r16,1,0,h5zcomp_scale-T
scale-T,zfp_cpu_r4,1,0,h5zcomp_scale-T
scale-T,zfp_cpu_r8,1,0,h5zcomp_scale-T
scale-T,zfp_gpu_r12,1,0,zfpgpu_scale-T
scale-T,zfp_gpu_r16,1,0,zfpgpu_scale-T
scale-T,zfp_gpu_r4,1,0,zfpgpu_scale-T
scale-T,zfp_gpu_r8,1,0,zfpgpu_scale-T
