dataset,chunk_n,nchunks_actual,chunk_elems,chunk_bytes
einspline37,1,1,3390212880,13560851520
einspline37,1,1,3390212880,13560851520
einspline37,1,1,3390212880,13560851520
einspline37,1,1,3390212880,13560851520
einspline37,1,1,3390212880,13560851520
einspline37,1,1,3390212880,13560851520
einspline37,1,1,3390212880,13560851520
einspline37,1,1,3390212880,13560851520
einspline37,1,1,3390212880,13560851520
einspline37,1,1,3390212880,13560851520
einspline37,1,1,3390212880,13560851520
einspline37,1,1,3390212880,13560851520
einspline37,1,1,3390212880,13560851520
einspline37,1,1,3390212880,13560851520
einspline37,1,1,3390212880,13560851520
einspline37,1,1,3390212880,13560851520
einspline37,1,1,3390212880,13560851520
einspline37,1,1,3390212880,13560851520
einspline37,8,8,423776610,1695106440
einspline37,8,8,423776610,1695106440
