dataset,compressor,path,op,phase,ms,ratio,rmse
einspline37,noop,h5zcomp,write,total,57568.9119,1.0000,
einspline37,noop,h5zcomp,write,flush,16.3951,,
einspline37,noop,h5zcomp,write,sync,97.1264,,
einspline37,noop,h5zcomp,write,close,0.3574,,
einspline37,noop,h5zcomp,write,csync,62.3818,,
einspline37,noop,h5zcomp,read,evict,0.2117,,
einspline37,noop,h5zcomp,read,total,5039.6948,,6.996255e-01
einspline37,sz3_1e3,h5zcomp,write,total,186119.2786,3.3787,
einspline37,sz3_1e3,h5zcomp,write,flush,0.1074,,
einspline37,sz3_1e3,h5zcomp,write,sync,378.3515,,
einspline37,sz3_1e3,h5zcomp,write,close,0.2745,,
einspline37,sz3_1e3,h5zcomp,write,csync,125.5806,,
einspline37,sz3_1e3,h5zcomp,read,evict,0.2179,,
einspline37,sz3_1e3,h5zcomp,read,total,131941.7182,,5.741519e-04
einspline37,zfp_cpu_r4,h5zcomp,write,total,73170.9624,8.0000,
einspline37,zfp_cpu_r4,h5zcomp,write,flush,0.1392,,
einspline37,zfp_cpu_r4,h5zcomp,write,sync,341.1366,,
einspline37,zfp_cpu_r4,h5zcomp,write,close,0.2343,,
einspline37,zfp_cpu_r4,h5zcomp,write,csync,95.6536,,
einspline37,zfp_cpu_r4,h5zcomp,read,evict,0.2262,,
einspline37,zfp_cpu_r4,h5zcomp,read,total,49879.9463,,7.312828e-01
einspline37,zfp_cpu_r8,h5zcomp,write,total,100132.5671,4.0000,
einspline37,zfp_cpu_r8,h5zcomp,write,flush,0.1514,,
einspline37,zfp_cpu_r8,h5zcomp,write,sync,25.2117,,
einspline37,zfp_cpu_r8,h5zcomp,write,close,0.3564,,
einspline37,zfp_cpu_r8,h5zcomp,write,csync,84.3086,,
einspline37,zfp_cpu_r8,h5zcomp,read,evict,0.2473,,
einspline37,zfp_cpu_r8,h5zcomp,read,total,87595.5300,,4.066683e-02
einspline37,zfp_cpu_r12,h5zcomp,write,total,126676.2903,2.6667,
einspline37,zfp_cpu_r12,h5zcomp,write,flush,0.1420,,
einspline37,zfp_cpu_r12,h5zcomp,write,sync,64.2047,,
einspline37,zfp_cpu_r12,h5zcomp,write,close,0.2351,,
einspline37,zfp_cpu_r12,h5zcomp,write,csync,43.9498,,
einspline37,zfp_cpu_r12,h5zcomp,read,evict,0.2278,,
einspline37,zfp_cpu_r12,h5zcomp,read,total,30311.7513,,6.487691e-01
einspline37,zfp_cpu_r16,h5zcomp,write,total,137121.4542,2.0000,
einspline37,zfp_cpu_r16,h5zcomp,write,flush,0.1464,,
einspline37,zfp_cpu_r16,h5zcomp,write,sync,90.1307,,
einspline37,zfp_cpu_r16,h5zcomp,write,close,0.2182,,
einspline37,zfp_cpu_r16,h5zcomp,write,csync,49.8575,,
einspline37,zfp_cpu_r16,h5zcomp,read,evict,0.2262,,
einspline37,zfp_cpu_r16,h5zcomp,read,total,64313.9515,,5.977909e-01
einspline37,zfp_1e3,h5zcomp,write,total,111631.8044,2.4538,
einspline37,zfp_1e3,h5zcomp,write,flush,0.1142,,
einspline37,zfp_1e3,h5zcomp,write,sync,187.4402,,
einspline37,zfp_1e3,h5zcomp,write,close,0.3358,,
einspline37,zfp_1e3,h5zcomp,write,csync,91.0979,,
einspline37,zfp_1e3,h5zcomp,read,evict,0.2568,,
einspline37,zfp_1e3,h5zcomp,read,total,39940.2194,,6.345516e-01
einspline37,zfp_1e6,h5zcomp,write,total,149627.1522,1.3887,
einspline37,zfp_1e6,h5zcomp,write,flush,0.1381,,
einspline37,zfp_1e6,h5zcomp,write,sync,13.1307,,
einspline37,zfp_1e6,h5zcomp,write,close,0.2072,,
einspline37,zfp_1e6,h5zcomp,write,csync,30.8220,,
einspline37,zfp_1e6,h5zcomp,read,evict,0.2349,,
einspline37,zfp_1e6,h5zcomp,read,total,37208.0635,,6.559655e-01
einspline37,szx_1e3,h5zcomp,write,total,62367.4918,1.6011,
einspline37,szx_1e3,h5zcomp,write,flush,0.1357,,
einspline37,szx_1e3,h5zcomp,write,sync,240.5292,,
einspline37,szx_1e3,h5zcomp,write,close,0.1955,,
einspline37,szx_1e3,h5zcomp,write,csync,122.2288,,
einspline37,szx_1e3,h5zcomp,read,evict,0.2092,,
einspline37,szx_1e3,h5zcomp,read,total,34485.5929,,5.352240e-01
einspline37,szx_1e6,h5zcomp,write,total,68819.2430,1.1033,
einspline37,szx_1e6,h5zcomp,write,flush,0.1385,,
einspline37,szx_1e6,h5zcomp,write,sync,137.2506,,
einspline37,szx_1e6,h5zcomp,write,close,0.2257,,
einspline37,szx_1e6,h5zcomp,write,csync,99.5751,,
einspline37,szx_1e6,h5zcomp,read,evict,0.2831,,
einspline37,szx_1e6,h5zcomp,read,total,31410.2822,,6.126140e-01
einspline37,noop_vjson,h5zcomp,write,total,34638.5310,1.0000,
einspline37,noop_vjson,h5zcomp,write,flush,3.6440,,
einspline37,noop_vjson,h5zcomp,write,sync,64.4526,,
einspline37,noop_vjson,h5zcomp,write,close,0.2950,,
einspline37,noop_vjson,h5zcomp,write,csync,52.2749,,
einspline37,noop_vjson,h5zcomp,read,evict,0.2101,,
einspline37,noop_vjson,h5zcomp,read,total,17965.4945,,0.000000e+00
