dataset,compressor,chunk_n,vol_ratio,filt_ratio,ratio_filt/vol,vol_write_ms,filt_write_ms,write_filt/vol,vol_read_ms,filt_read_ms,read_filt/vol,vol_maxae,filt_maxae,vol_ok,filt_ok
einspline37,cuszp_1e3,16,3.3711,nan,nan,6944.5218,nan,nan,6513.1541,nan,nan,0.001001358,nan,1,
einspline37,cuszp_1e3,8,3.3724,nan,nan,5870.8794,nan,nan,5284.0741,nan,nan,0.001001358,nan,1,
einspline37,cuszp_1e6,16,1.6487,nan,nan,10320.3024,nan,nan,8923.1764,nan,nan,3.814697e-06,nan,0,
einspline37,cuszp_1e6,8,1.649,nan,nan,12381.7946,nan,nan,9646.0236,nan,nan,3.814697e-06,nan,0,
einspline37,noop,1,1.0,1.0,1.0,15675.4595,54876.70835,3.500803810567722,11669.0464,4614.1579,0.3954185922167556,0.0,21.25822,1,0
einspline37,noop,16,1.0,nan,nan,14658.9877,nan,nan,9718.283,nan,nan,0.0,nan,1,
einspline37,noop,8,1.0,nan,nan,14526.9169,nan,nan,10448.7486,nan,nan,0.0,nan,1,
einspline37,noop_vjson,8,nan,1.0,nan,nan,34638.531,nan,nan,17965.4945,nan,nan,0.0,,1
einspline37,sz3_1e3,1,3.3787,3.3787,1.0,113342.5519,181092.1921,1.5977423224048652,124086.9885,127026.79795000001,1.0236915206464214,0.001,0.001,1,1
einspline37,sz3_1e3,16,3.3792,nan,nan,101257.9489,nan,nan,107059.3834,nan,nan,0.001,nan,1,
einspline37,sz3_1e3,8,3.3744,nan,nan,102581.1512,nan,nan,105138.7007,nan,nan,0.001,nan,1,
einspline37,sz3_1e6,16,1.2744,nan,nan,165871.02,nan,nan,115236.4209,nan,nan,9.999999e-07,nan,1,
einspline37,sz3_1e6,8,1.2748,nan,nan,167622.7132,nan,nan,115504.4935,nan,nan,9.999999e-07,nan,1,
einspline37,szx_1e3,1,1.6011,1.6011,1.0,49166.444,62367.4918,1.2684971034309498,33689.7796,34485.5929,1.0236218019069498,0.0009999971,21.25822,1,0
einspline37,szx_1e3,16,1.6005,nan,nan,45853.8642,nan,nan,30808.4886,nan,nan,0.000999999,nan,1,
einspline37,szx_1e3,8,1.6005,nan,nan,45314.6154,nan,nan,31199.2323,nan,nan,0.0009999967,nan,1,
einspline37,szx_1e6,1,1.1033,1.1033,1.0,51189.1704,68819.243,1.3444102036082226,38947.6057,31410.2822,0.8064753053613255,4.768372e-07,21.25822,1,0
einspline37,szx_1e6,16,1.1031,nan,nan,45077.1413,nan,nan,26680.0073,nan,nan,4.768372e-07,nan,1,
einspline37,szx_1e6,8,1.103,nan,nan,44510.5754,nan,nan,27524.7334,nan,nan,4.768372e-07,nan,1,
einspline37,zfp_1e3,1,nan,2.4538,nan,nan,111631.8044,nan,nan,39940.2194,nan,nan,21.25822,,0
einspline37,zfp_1e6,1,nan,1.3887,nan,nan,149627.1522,nan,nan,37208.0635,nan,nan,21.25822,,0
einspline37,zfp_cpu_r12,1,2.6667,2.6667,1.0,80762.4214,126676.2903,1.5685053531592106,104519.5951,30311.7513,0.2900102250778811,0.2015338,21.25822,-1,1
einspline37,zfp_cpu_r12,16,2.6667,nan,nan,80698.1957,nan,nan,105038.2677,nan,nan,0.2043114,nan,-1,
einspline37,zfp_cpu_r12,8,2.6667,nan,nan,80781.7457,nan,nan,106360.9269,nan,nan,0.2015338,nan,-1,
einspline37,zfp_cpu_r16,1,2.0,2.0,1.0,89590.8588,137121.4542,1.5305295209425986,120834.7373,64313.9515,0.5322472075254804,0.01351929,21.25822,-1,1
einspline37,zfp_cpu_r16,16,2.0,nan,nan,89579.5635,nan,nan,124273.1056,nan,nan,0.01351929,nan,-1,
einspline37,zfp_cpu_r16,8,2.0,nan,nan,90555.8383,nan,nan,119844.9458,nan,nan,0.01351929,nan,-1,
einspline37,zfp_cpu_r4,1,8.0,8.0,1.0,48716.4989,72794.95855000001,1.4942567752954843,46609.2553,49058.9947,1.0525590761798764,47.99935,47.99935,-1,1
einspline37,zfp_cpu_r4,16,8.0,nan,nan,48848.5048,nan,nan,43981.3999,nan,nan,47.99935,nan,-1,
einspline37,zfp_cpu_r4,8,8.0,nan,nan,48510.8897,nan,nan,42474.3516,nan,nan,47.99997,nan,-1,
einspline37,zfp_cpu_r8,1,4.0,4.0,1.0,68438.1757,100132.5671,1.4631098224904904,76003.1234,87595.53,1.1525253973970233,3.362678,3.362678,-1,1
einspline37,zfp_cpu_r8,16,4.0,nan,nan,68618.6171,nan,nan,75222.3632,nan,nan,3.498785,nan,-1,
einspline37,zfp_cpu_r8,8,4.0,nan,nan,68733.1452,nan,nan,76818.0474,nan,nan,3.554577,nan,-1,
einspline37,zfp_gpu_r4,16,8.0,nan,nan,3768.7232,nan,nan,4057.899,nan,nan,47.99935,nan,-1,
einspline37,zfp_gpu_r4,8,8.0,nan,nan,3747.9178,nan,nan,3732.2862,nan,nan,47.99997,nan,-1,
einspline37,zfp_gpu_r8,16,4.0,nan,nan,5427.6156,nan,nan,4890.3894,nan,nan,3.498785,nan,-1,
miranda,bzip2,1,nan,2.3606,nan,nan,24895.22985,nan,nan,11270.70215,nan,nan,0.0,,1
miranda,bzip2_vjson,8,nan,2.3603,nan,nan,22706.69775,nan,nan,11126.006300000001,nan,nan,0.0,,1
miranda,cuszp_1e3,1,21.0612,21.0612,1.0,46.5163,424.68385,9.129785688027637,45.1078,424.6092,9.413210132172264,0.001,0.001,1,1
miranda,cuszp_1e3,16,21.061,nan,nan,108.4333,nan,nan,68.5166,nan,nan,0.001,nan,1,
miranda,cuszp_1e3,8,21.0611,nan,nan,81.5723,nan,nan,61.2692,nan,nan,0.001,nan,1,
miranda,cuszp_1e3_vjson,8,21.0612,21.0612,1.0,59.1998,267.1804,4.513197679721891,92.1265,438.19984999999997,4.756501658046274,0.001,0.001,1,1
miranda,cuszp_1e6,1,11.1594,11.1594,1.0,162.9305,600.2546500000001,3.6841146992122416,57.3896,421.46005,7.343840173132414,1e-06,1e-06,1,1
miranda,cuszp_1e6,16,11.1594,nan,nan,264.8241,nan,nan,95.1439,nan,nan,1e-06,nan,1,
miranda,cuszp_1e6,8,11.1594,nan,nan,202.9,nan,nan,69.9111,nan,nan,1e-06,nan,1,
miranda,cuszp_1e6_vjson,8,nan,11.1594,nan,nan,425.40840000000003,nan,nan,428.4244,nan,nan,1e-06,,1
miranda,noop,1,1.0,1.0,1.0,440.6043,1403.21265,3.1847457003937545,246.4442,397.26305,1.611979709808549,0.0,0.0,1,1
miranda,noop,16,1.0,nan,nan,360.7232,nan,nan,234.5523,nan,nan,0.0,nan,1,
miranda,noop,8,1.0,nan,nan,379.992,nan,nan,239.5197,nan,nan,0.0,nan,1,
miranda,noop_vjson,8,nan,1.0,nan,nan,931.1777,nan,nan,323.08355,nan,nan,0.0,,1
miranda,sz3_1e3,1,164.5696,164.5711,1.0000091146846075,809.1204,1862.5824499999999,2.3019842905950707,227.3775,484.7564,2.131945333201394,0.0009999999,0.0009999999,1,1
miranda,sz3_1e3,16,147.1076,nan,nan,804.1846,nan,nan,232.2885,nan,nan,0.0009999999,nan,1,
miranda,sz3_1e3,8,159.5867,nan,nan,784.5953,nan,nan,230.463,nan,nan,0.0009999995,nan,1,
miranda,sz3_1e3_vjson,8,164.5682,159.5941,0.9697748410689307,927.7549,1028.3984,1.108480698943223,278.4976,404.43330000000003,1.4521967155192723,0.0009999999,0.0009999995,1,1
miranda,sz3_1e6,1,21.2093,21.2094,1.0000047149127977,938.2935,2000.54335,2.132108290209833,583.4828,742.88355,1.273188429890307,1e-06,1e-06,1,1
miranda,sz3_1e6,16,20.2725,nan,nan,985.2273,nan,nan,481.238,nan,nan,9.999997e-07,nan,1,
miranda,sz3_1e6,8,21.4416,nan,nan,899.7641,nan,nan,499.0248,nan,nan,1e-06,nan,1,
miranda,sz3_1e6_vjson,8,nan,21.4417,nan,nan,1272.1370499999998,nan,nan,683.87385,nan,nan,1e-06,,1
miranda,szx_1e3,1,21.5143,21.5143,1.0,123.1984,464.86785,3.7733270074936036,309.6659,407.59105,1.3162283932457528,0.0009997613,0.0009997613,1,1
miranda,szx_1e3,16,21.5138,nan,nan,119.4029,nan,nan,85.3951,nan,nan,0.0009997613,nan,1,
miranda,szx_1e3,8,21.514,nan,nan,137.8148,nan,nan,167.117,nan,nan,0.0009997613,nan,1,
miranda,szx_1e3_vjson,8,nan,21.5141,nan,nan,311.43075,nan,nan,413.6424,nan,nan,0.0009997613,,1
miranda,szx_1e6,1,11.0686,11.0686,1.0,242.516,645.85825,2.6631572762209506,307.3809,426.2029,1.386562730475446,1.113733e-06,1.113733e-06,1,1
miranda,szx_1e6,16,11.0684,nan,nan,258.4135,nan,nan,103.9536,nan,nan,1.113733e-06,nan,1,
miranda,szx_1e6,8,11.0685,nan,nan,237.043,nan,nan,122.448,nan,nan,1.113733e-06,nan,1,
miranda,szx_1e6_vjson,8,nan,11.0685,nan,nan,495.63945,nan,nan,433.58844999999997,nan,nan,1.113733e-06,,1
miranda,zfp_1e3,1,nan,35.5695,nan,nan,1092.5651,nan,nan,411.89735,nan,nan,0.0002409157,,1
miranda,zfp_1e6,1,nan,14.3257,nan,nan,1501.4294,nan,nan,535.4137,nan,nan,2.585791e-07,,1
miranda,zfp_cpu_r12,1,5.3333,5.3333,1.0,1779.9478,2379.4407499999998,1.3368036691862535,611.0187,866.6445,1.4183600272790342,4.203496e-05,4.203496e-05,-1,1
miranda,zfp_cpu_r12,16,5.3333,nan,nan,1796.4733,nan,nan,628.4454,nan,nan,4.203496e-05,nan,-1,
miranda,zfp_cpu_r12,8,5.3333,nan,nan,1753.5591,nan,nan,630.17,nan,nan,4.203496e-05,nan,-1,
miranda,zfp_cpu_r16,1,4.0,4.0,1.0,1870.4906,2580.34235,1.3795003032894149,733.8177,992.6302000000001,1.3526931825165844,2.833496e-06,2.833496e-06,-1,1
miranda,zfp_cpu_r16,16,4.0,nan,nan,1833.2458,nan,nan,745.2909,nan,nan,2.833496e-06,nan,-1,
miranda,zfp_cpu_r16,8,4.0,nan,nan,1863.9435,nan,nan,743.8196,nan,nan,2.833496e-06,nan,-1,
miranda,zfp_cpu_r4,1,16.0,16.0,1.0,1379.5311,1849.9877999999999,1.3410265270569108,348.344,557.82495,1.6013623027811588,0.01231516,0.01231516,-1,1
miranda,zfp_cpu_r4,16,15.9999,nan,nan,1365.1611,nan,nan,350.4062,nan,nan,0.01231516,nan,-1,
miranda,zfp_cpu_r4,8,15.9999,nan,nan,1451.6058,nan,nan,351.843,nan,nan,0.01231516,nan,-1,
miranda,zfp_cpu_r8,1,8.0,8.0,1.0,1599.5659,2113.90345,1.3215482087983994,494.2533,728.241,1.4734165659591953,0.0006823176,0.0006823176,-1,1
miranda,zfp_cpu_r8,16,8.0,nan,nan,1598.4319,nan,nan,506.699,nan,nan,0.0006823176,nan,-1,
miranda,zfp_cpu_r8,8,8.0,nan,nan,1595.2083,nan,nan,506.4794,nan,nan,0.0006823176,nan,-1,
miranda,zfp_gpu_r12,1,5.3333,42.6667,8.000056250351564,201.67,458.78765,2.274942480289582,176.1834,343.72339999999997,1.9509408945451159,4.203496e-05,3.000046,-1,1
miranda,zfp_gpu_r12,16,5.3333,nan,nan,236.2189,nan,nan,294.237,nan,nan,4.203496e-05,nan,-1,
miranda,zfp_gpu_r12,8,5.3333,nan,nan,211.4834,nan,nan,223.4172,nan,nan,4.203496e-05,nan,-1,
miranda,zfp_gpu_r16,1,4.0,32.0,8.0,230.8982,476.47044999999997,2.06355203288722,188.3823,350.57275,1.8609643793498647,2.833496e-06,3.000046,-1,1
miranda,zfp_gpu_r16,16,4.0,nan,nan,241.5403,nan,nan,228.1405,nan,nan,2.833496e-06,nan,-1,
miranda,zfp_gpu_r16,8,4.0,nan,nan,211.8809,nan,nan,221.4139,nan,nan,2.833496e-06,nan,-1,
miranda,zfp_gpu_r4,1,16.0,128.0,8.0,271.134,419.4821,1.5471394218356973,77.3915,354.37564999999995,4.578999631742504,0.01231516,3.000046,-1,1
miranda,zfp_gpu_r4,16,15.9999,nan,nan,253.8626,nan,nan,159.9605,nan,nan,0.01231516,nan,-1,
miranda,zfp_gpu_r4,8,15.9999,nan,nan,197.336,nan,nan,104.6538,nan,nan,0.01231516,nan,-1,
miranda,zfp_gpu_r8,1,8.0,64.0,8.0,187.0759,407.89149999999995,2.1803530011081063,158.6468,338.6231,2.1344464559007807,0.0006823176,3.000046,-1,1
miranda,zfp_gpu_r8,16,8.0,nan,nan,292.1533,nan,nan,212.2517,nan,nan,0.0006823176,nan,-1,
miranda,zfp_gpu_r8,8,8.0,nan,nan,218.249,nan,nan,140.9999,nan,nan,0.0006823176,nan,-1,
nyx_baryon,bzip2,1,nan,1.113,nan,nan,57181.0902,nan,nan,29229.5885,nan,nan,0.0,,1
nyx_baryon,bzip2_vjson,8,nan,1.113,nan,nan,53143.4771,nan,nan,28983.8069,nan,nan,0.0,,1
nyx_baryon,cuszp_1e3,1,4.2925,4.2925,1.0,267.3344,1231.9676,4.608339218596633,153.3077,841.8856,5.491476292449759,0.001000166,0.001000166,1,1
nyx_baryon,cuszp_1e3,16,4.2925,nan,nan,365.3617,nan,nan,200.8625,nan,nan,0.001000166,nan,1,
nyx_baryon,cuszp_1e3,8,4.2925,nan,nan,277.2409,nan,nan,179.7632,nan,nan,0.001000166,nan,1,
nyx_baryon,cuszp_1e3_vjson,8,nan,4.2925,nan,nan,1038.0724,nan,nan,811.1493,nan,nan,0.001000166,,1
nyx_baryon,cuszp_1e6,1,1.8016,1.8016,1.0,473.0068,1300.0484,2.748477188911449,256.3008,988.7051,3.857596620845507,1.907349e-06,1.907349e-06,1,1
nyx_baryon,cuszp_1e6,16,1.8016,nan,nan,448.7075,nan,nan,306.7609,nan,nan,1.907349e-06,nan,1,
nyx_baryon,cuszp_1e6,8,1.8016,nan,nan,513.3789,nan,nan,291.6574,nan,nan,1.907349e-06,nan,1,
nyx_baryon,cuszp_1e6_vjson,8,nan,1.8016,nan,nan,1063.4004,nan,nan,956.4907,nan,nan,1.907349e-06,,1
nyx_baryon,noop,1,1.0,1.0,1.0,563.5244,2402.2226,4.262854634156037,324.8181,780.8424,2.403937465307506,0.0,0.0,1,1
nyx_baryon,noop,16,1.0,nan,nan,582.4569,nan,nan,324.6996,nan,nan,0.0,nan,1,
nyx_baryon,noop,8,1.0,nan,nan,527.1271,nan,nan,303.9004,nan,nan,0.0,nan,1,
nyx_baryon,noop_vjson,8,nan,1.0,nan,nan,1460.6522,nan,nan,698.9244,nan,nan,0.0,,1
nyx_baryon,sz3_1e3,1,7.8471,7.8471,1.0,4092.8991,7201.1463,1.7594243405609487,2690.7372,3088.0803,1.1476707201282978,0.001000285,0.001000285,1,1
nyx_baryon,sz3_1e3,16,7.9102,nan,nan,3829.1423,nan,nan,2515.1118,nan,nan,0.001000404,nan,1,
nyx_baryon,sz3_1e3,8,7.8676,nan,nan,3805.9874,nan,nan,2508.7898,nan,nan,0.001000404,nan,1,
nyx_baryon,sz3_1e3_vjson,8,nan,7.8676,nan,nan,4946.4522,nan,nan,2960.1368,nan,nan,0.001000404,,1
nyx_baryon,sz3_1e6,1,2.1976,2.1976,1.0,6592.091,9791.9444,1.4854079532579267,8198.4465,8774.358,1.070246418025659,1.430511e-06,1.430511e-06,1,1
nyx_baryon,sz3_1e6,16,2.1294,nan,nan,6816.4622,nan,nan,7867.8823,nan,nan,1.430511e-06,nan,1,
nyx_baryon,sz3_1e6,8,2.1709,nan,nan,6461.9236,nan,nan,7977.1019,nan,nan,1.430511e-06,nan,1,
nyx_baryon,sz3_1e6_vjson,8,nan,2.1709,nan,nan,7972.405,nan,nan,8302.5829,nan,nan,1.430511e-06,,1
nyx_baryon,szx_1e3,1,2.3343,2.3343,1.0,1320.4213,2153.9088,1.6312284571598474,1187.6099,1348.7385,1.1356746857701339,0.0004882812,0.0004882812,1,1
nyx_baryon,szx_1e3,16,2.3343,nan,nan,1416.4621,nan,nan,971.8529,nan,nan,0.0004882812,nan,1,
nyx_baryon,szx_1e3,8,2.3343,nan,nan,1491.649,nan,nan,1001.7528,nan,nan,0.0004882812,nan,1,
nyx_baryon,szx_1e3_vjson,8,nan,2.3343,nan,nan,1854.0958,nan,nan,1361.6757,nan,nan,0.0004882812,,1
nyx_baryon,szx_1e6,1,1.3356,1.3356,1.0,1613.9393,2233.0823,1.3836222341199573,1200.1496,1512.9077,1.2605992619586759,4.768372e-07,4.768372e-07,1,1
nyx_baryon,szx_1e6,16,1.3356,nan,nan,1408.5272,nan,nan,1018.1449,nan,nan,4.768372e-07,nan,1,
nyx_baryon,szx_1e6,8,1.3356,nan,nan,1436.4562,nan,nan,1008.2685,nan,nan,4.768372e-07,nan,1,
nyx_baryon,szx_1e6_vjson,8,nan,1.3356,nan,nan,2901.5729,nan,nan,1521.4877,nan,nan,4.768372e-07,,1
nyx_baryon,zfp_1e3,1,nan,3.6719,nan,nan,3986.2308,nan,nan,2283.4383,nan,nan,0.0002918243,,1
nyx_baryon,zfp_1e6,1,nan,1.7099,nan,nan,5245.7291,nan,nan,3359.2901,nan,nan,4.768372e-07,,1
nyx_baryon,zfp_cpu_r12,1,2.6667,2.6667,1.0,3237.5882,4996.1746,1.543177912496716,2159.1643,2687.5531,1.244719125821041,0.001527905,0.001527905,-1,1
nyx_baryon,zfp_cpu_r12,16,2.6667,nan,nan,3333.6054,nan,nan,2193.8054,nan,nan,0.001527905,nan,-1,
nyx_baryon,zfp_cpu_r12,8,2.6667,nan,nan,3221.4715,nan,nan,2189.3436,nan,nan,0.001527905,nan,-1,
nyx_baryon,zfp_cpu_r16,1,2.0,2.0,1.0,3734.008,5691.4376,1.5242167665414752,2565.1736,3077.9394,1.1998951649900031,0.0001039505,0.0001039505,-1,1
nyx_baryon,zfp_cpu_r16,16,2.0,nan,nan,3854.7539,nan,nan,2581.0756,nan,nan,0.0001039505,nan,-1,
nyx_baryon,zfp_cpu_r16,8,2.0,nan,nan,4170.4141,nan,nan,2574.8316,nan,nan,0.0001039505,nan,-1,
nyx_baryon,zfp_cpu_r4,1,8.0,8.0,1.0,2359.9134,3564.3646,1.5103794062951632,1259.1426,1748.4465,1.3886008622057582,0.3861322,0.3861322,-1,1
nyx_baryon,zfp_cpu_r4,16,8.0,nan,nan,2407.9669,nan,nan,1283.9084,nan,nan,0.3861322,nan,-1,
nyx_baryon,zfp_cpu_r4,8,8.0,nan,nan,2362.2192,nan,nan,1285.5009,nan,nan,0.3861322,nan,-1,
nyx_baryon,zfp_cpu_r8,1,4.0,4.0,1.0,2877.1718,4308.8258,1.497590724335613,1737.4341,2263.0786,1.3025406834135465,0.02497339,0.02497339,-1,1
nyx_baryon,zfp_cpu_r8,16,4.0,nan,nan,2861.17,nan,nan,1770.5036,nan,nan,0.02497339,nan,-1,
nyx_baryon,zfp_cpu_r8,8,4.0,nan,nan,2927.8779,nan,nan,1764.0658,nan,nan,0.02497339,nan,-1,
nyx_baryon,zfp_gpu_r12,1,2.6667,21.3333,7.999887501406232,353.1866,1470.107,4.1624087663575,246.1963,640.0278,2.599664576600054,0.001527905,11.66017,-1,1
nyx_baryon,zfp_gpu_r12,16,2.6667,nan,nan,478.6032,nan,nan,325.6915,nan,nan,0.001527905,nan,-1,
nyx_baryon,zfp_gpu_r12,8,2.6667,nan,nan,399.0092,nan,nan,274.1634,nan,nan,0.001527905,nan,-1,
nyx_baryon,zfp_gpu_r16,1,2.0,16.0,8.0,410.0037,1448.2382,3.5322564162225856,280.1497,646.7795,2.308692459781324,0.0001039505,11.66017,-1,1
nyx_baryon,zfp_gpu_r16,16,2.0,nan,nan,497.071,nan,nan,347.6286,nan,nan,0.0001039505,nan,-1,
nyx_baryon,zfp_gpu_r16,8,2.0,nan,nan,455.8462,nan,nan,307.4774,nan,nan,0.0001039505,nan,-1,
nyx_baryon,zfp_gpu_r4,1,8.0,64.0,8.0,277.0675,885.676,3.196607324929846,154.721,590.3678,3.815692763102617,0.3861322,11.66017,-1,1
nyx_baryon,zfp_gpu_r4,16,8.0,nan,nan,292.9499,nan,nan,230.2405,nan,nan,0.3861322,nan,-1,
nyx_baryon,zfp_gpu_r4,8,8.0,nan,nan,355.0161,nan,nan,189.0085,nan,nan,0.3861322,nan,-1,
nyx_baryon,zfp_gpu_r8,1,4.0,32.0,8.0,329.2583,1271.5916,3.8619879893688327,198.4867,632.5984,3.1871072469843065,0.02497339,11.66017,-1,1
nyx_baryon,zfp_gpu_r8,16,4.0,nan,nan,358.9563,nan,nan,253.6567,nan,nan,0.02497339,nan,-1,
nyx_baryon,zfp_gpu_r8,8,4.0,nan,nan,301.6318,nan,nan,219.9159,nan,nan,0.02497339,nan,-1,
ocean_temp,bzip2,1,nan,1.5084,nan,nan,13181.070800000001,nan,nan,5716.37825,nan,nan,0.0,,1
ocean_temp,bzip2_vjson,8,nan,1.5123,nan,nan,12079.09395,nan,nan,5605.84015,nan,nan,0.0,,1
ocean_temp,cuszp_1e3,1,3.7078,3.7078,1.0,160.9281,351.406,2.1836211326673216,30.2585,198.42985,6.557821769089677,0.001000404,0.001000404,1,1
ocean_temp,cuszp_1e3,16,3.7067,nan,nan,221.2459,nan,nan,59.7276,nan,nan,0.001000404,nan,1,
ocean_temp,cuszp_1e3,8,3.7071,nan,nan,194.8861,nan,nan,45.0753,nan,nan,0.001000404,nan,1,
ocean_temp,cuszp_1e3_vjson,8,nan,3.7071,nan,nan,206.02015,nan,nan,61.9048,nan,nan,5.270710201999999,,0
ocean_temp,cuszp_1e6,1,1.6997,1.6997,1.0,195.4123,426.6228,2.1831931766833512,69.2278,231.60775,3.3455887663626465,1.907349e-06,1.907349e-06,1,1
ocean_temp,cuszp_1e6,16,1.6995,nan,nan,211.8798,nan,nan,69.2719,nan,nan,1.907349e-06,nan,1,
ocean_temp,cuszp_1e6,8,1.6996,nan,nan,220.9892,nan,nan,58.7649,nan,nan,1.907349e-06,nan,1,
ocean_temp,cuszp_1e6_vjson,8,nan,1.6996,nan,nan,258.35005,nan,nan,76.8558,nan,nan,1.907349e-06,,1
ocean_temp,noop,1,1.0,1.0,1.0,259.2682,626.9154000000001,2.418018870034968,81.0581,176.13569999999999,2.172956188215613,0.0,0.0,1,1
ocean_temp,noop,16,1.0,nan,nan,271.9039,nan,nan,81.3564,nan,nan,0.0,nan,1,
ocean_temp,noop,8,1.0,nan,nan,230.7499,nan,nan,75.52,nan,nan,0.0,nan,1,
ocean_temp,noop_vjson,8,nan,1.0,nan,nan,467.56624999999997,nan,nan,50.63505,nan,nan,0.0,,1
ocean_temp,sz3_1e3,1,6.4937,6.4937,1.0,984.9845,1733.4443,1.7598696223138537,625.5031,700.6154,1.1200830179738517,0.0009999275,0.0009999275,1,1
ocean_temp,sz3_1e3,16,5.751,nan,nan,1143.5912,nan,nan,663.8418,nan,nan,0.001003265,nan,1,
ocean_temp,sz3_1e3,8,5.8496,nan,nan,1157.3129,nan,nan,647.6952,nan,nan,0.001003265,nan,1,
ocean_temp,sz3_1e3_vjson,8,nan,5.8497,nan,nan,1212.4767000000002,nan,nan,654.5000500000001,nan,nan,0.001003265,,1
ocean_temp,sz3_1e6,1,1.949,1.949,1.0,2433.8273,3186.29205,1.3091693276675793,2147.5588,2176.6097,1.0135274060947714,6.67572e-06,6.67572e-06,0,0
ocean_temp,sz3_1e6,16,1.7587,nan,nan,2562.0979,nan,nan,2106.201,nan,nan,4.768372e-06,nan,0,
ocean_temp,sz3_1e6,8,1.8023,nan,nan,2601.4698,nan,nan,2007.8074,nan,nan,4.768372e-06,nan,0,
ocean_temp,sz3_1e6_vjson,8,nan,1.8023,nan,nan,2741.7744000000002,nan,nan,2070.26435,nan,nan,4.768372e-06,,0
ocean_temp,szx_1e3,1,2.354,2.354,1.0,478.0157,639.80085,1.3384515403991961,340.8185,341.89549999999997,1.0031600397278904,0.0004882812,0.0004882812,1,1
ocean_temp,szx_1e3,16,2.3544,nan,nan,467.9148,nan,nan,266.5297,nan,nan,0.0004882812,nan,1,
ocean_temp,szx_1e3,8,2.3544,nan,nan,440.2078,nan,nan,259.7868,nan,nan,0.0004882812,nan,1,
ocean_temp,szx_1e3_vjson,8,nan,2.3544,nan,nan,462.32385,nan,nan,192.80925000000002,nan,nan,0.0004882812,,1
ocean_temp,szx_1e6,1,1.3486,1.3486,1.0,529.3781,701.4131500000001,1.3249757592918938,331.3726,381.54505,1.151407961913568,0.0,0.0,1,1
ocean_temp,szx_1e6,16,1.3489,nan,nan,458.9714,nan,nan,262.5944,nan,nan,0.0,nan,1,
ocean_temp,szx_1e6,8,1.3489,nan,nan,457.5428,nan,nan,262.9339,nan,nan,0.0,nan,1,
ocean_temp,szx_1e6_vjson,8,nan,1.3489,nan,nan,485.85555,nan,nan,207.74880000000002,nan,nan,0.0,,1
ocean_temp,zfp_1e3,1,nan,3.2576,nan,nan,1191.21925,nan,nan,579.7587000000001,nan,nan,0.0002861023,,1
ocean_temp,zfp_1e6,1,nan,1.5708,nan,nan,1451.1528,nan,nan,862.06045,nan,nan,4.768372e-07,,1
ocean_temp,zfp_cpu_r12,1,2.5185,2.5185,1.0,1029.1691,1439.1051499999999,1.398317487378896,513.3938,665.6527,1.2965733127279682,0.001611233,0.001611233,-1,1
ocean_temp,zfp_cpu_r12,16,1.2593,nan,nan,2107.095,nan,nan,1017.0574,nan,nan,0.001084328,nan,-1,
ocean_temp,zfp_cpu_r12,8,1.8889,nan,nan,1448.0381,nan,nan,696.9622,nan,nan,0.001958847,nan,-1,
ocean_temp,zfp_cpu_r16,1,1.8889,1.8889,1.0,1202.4084,1706.38125,1.4191361687094002,608.1323,775.15875,1.274654791399832,0.0001139641,0.0001139641,-1,1
ocean_temp,zfp_cpu_r16,16,0.9444,nan,nan,2326.6979,nan,nan,1204.9494,nan,nan,5.626678e-05,nan,-1,
ocean_temp,zfp_cpu_r16,8,1.4167,nan,nan,1638.3727,nan,nan,822.5898,nan,nan,0.0001363754,nan,-1,
ocean_temp,zfp_cpu_r4,1,7.5555,7.5556,1.0000132353914366,746.1813,1036.3772,1.388908030796269,289.4496,410.935,1.4197117563817674,0.3759661,0.3759661,-1,1
ocean_temp,zfp_cpu_r4,16,3.7778,nan,nan,1652.7483,nan,nan,574.3715,nan,nan,0.2795782,nan,-1,
ocean_temp,zfp_cpu_r4,8,5.6666,nan,nan,1119.2357,nan,nan,400.7409,nan,nan,0.7276106,nan,-1,
ocean_temp,zfp_cpu_r8,1,3.7778,3.7778,1.0,930.1958,1250.7594,1.344619487639054,421.7674,549.3535999999999,1.3025037022776058,0.02552462,0.02552462,-1,1
ocean_temp,zfp_cpu_r8,16,1.8889,nan,nan,1878.2418,nan,nan,807.0792,nan,nan,0.01952648,nan,-1,
ocean_temp,zfp_cpu_r8,8,2.8333,nan,nan,1290.5226,nan,nan,562.1221,nan,nan,0.03997564,nan,-1,
ocean_temp,zfp_gpu_r12,1,2.5185,20.1481,8.00003970617431,191.7377,241.38005,1.258907611805086,68.581,164.20794999999998,2.3943650573774073,0.001611233,10.72635,-1,1
ocean_temp,zfp_gpu_r12,16,1.2593,nan,nan,252.2114,nan,nan,126.0613,nan,nan,0.001084328,nan,-1,
ocean_temp,zfp_gpu_r12,8,1.8889,nan,nan,215.5089,nan,nan,96.0865,nan,nan,0.001958847,nan,-1,
ocean_temp,zfp_gpu_r16,1,1.8889,15.1111,7.999947059134946,197.9746,252.37595,1.2747895437091423,76.0564,169.6624,2.230744552726661,0.0001139641,10.72635,-1,1
ocean_temp,zfp_gpu_r16,16,0.9444,nan,nan,281.8308,nan,nan,168.7155,nan,nan,5.626678e-05,nan,-1,
ocean_temp,zfp_gpu_r16,8,1.4167,nan,nan,230.3487,nan,nan,109.7207,nan,nan,0.0001363754,nan,-1,
ocean_temp,zfp_gpu_r4,1,7.5555,60.4444,8.000052941565746,162.7968,196.1816,1.2050703699335614,42.5254,149.2143,3.5088276653482393,0.3759661,10.72635,-1,1
ocean_temp,zfp_gpu_r4,16,3.7778,nan,nan,205.3557,nan,nan,102.3349,nan,nan,0.2795782,nan,-1,
ocean_temp,zfp_gpu_r4,8,5.6666,nan,nan,179.6538,nan,nan,82.7766,nan,nan,0.7276106,nan,-1,
ocean_temp,zfp_gpu_r8,1,3.7778,30.2222,7.999947059134946,156.488,188.5673,1.2049952712029037,61.6169,165.2769,2.682330659283411,0.02552462,10.72635,-1,1
ocean_temp,zfp_gpu_r8,16,1.8889,nan,nan,323.1733,nan,nan,142.4243,nan,nan,0.01952648,nan,-1,
ocean_temp,zfp_gpu_r8,8,2.8333,nan,nan,211.7129,nan,nan,87.2362,nan,nan,0.03997564,nan,-1,
s3d,bzip2,1,nan,1.1304,nan,nan,109777.9413,nan,nan,53971.2166,nan,nan,0.0,,1
s3d,bzip2_vjson,8,nan,1.1304,nan,nan,103773.8661,nan,nan,53759.4812,nan,nan,0.0,,1
s3d,cuszp_1e3,1,46.2204,46.2204,1.0,301.4827,1659.6939,5.505104936369483,128.6073,1484.7982,11.545209331041082,0.001,0.001,1,1
s3d,cuszp_1e3,16,46.1917,nan,nan,428.8497,nan,nan,168.6489,nan,nan,0.001,nan,1,
s3d,cuszp_1e3,8,46.2132,nan,nan,263.2701,nan,nan,157.7134,nan,nan,0.001,nan,1,
s3d,cuszp_1e3_vjson,8,nan,46.1479,nan,nan,1116.5385,nan,nan,1340.5251,nan,nan,0.001,,1
s3d,cuszp_1e6,1,15.1446,15.1447,1.0000066030136154,260.8148,1589.9469,6.096076219601035,161.0895,1327.255,8.239239677322235,1e-06,1e-06,1,1
s3d,cuszp_1e6,16,15.1416,nan,nan,354.8607,nan,nan,219.8519,nan,nan,1e-06,nan,1,
s3d,cuszp_1e6,8,15.1438,nan,nan,292.5937,nan,nan,178.2812,nan,nan,1e-06,nan,1,
s3d,cuszp_1e6_vjson,8,nan,15.1368,nan,nan,1239.0271,nan,nan,1388.5362,nan,nan,1e-06,,1
s3d,noop,1,1.0,1.0,1.0,1127.8649,4502.9775,3.992479507075714,913.8079,1537.7969,1.682844829859755,0.0,0.0,1,1
s3d,noop,16,1.0,nan,nan,983.3172,nan,nan,605.0656,nan,nan,0.0,nan,1,
s3d,noop,8,1.0,nan,nan,1096.6424,nan,nan,612.929,nan,nan,0.0,nan,1,
s3d,noop_vjson,8,nan,0.9921,nan,nan,2735.135,nan,nan,1311.96,nan,nan,0.0,,1
s3d,sz3_1e3,1,19195.3317,19201.2289,1.0003072205311252,2417.757,6048.8305,2.501835585627505,663.2761,1350.615,2.0362787080674245,0.0009999531,0.0009999531,1,1
s3d,sz3_1e3,16,5274.7624,nan,nan,2393.0738,nan,nan,781.9491,nan,nan,0.0009999979,nan,1,
s3d,sz3_1e3,8,13524.6622,nan,nan,2362.9042,nan,nan,582.8155,nan,nan,0.0009999175,nan,1,
s3d,sz3_1e3_vjson,8,nan,9539.709,nan,nan,3585.3524,nan,nan,1363.3255,nan,nan,0.0009999887,,1
s3d,sz3_1e6,1,244.4348,244.4357,1.0000036819634521,2586.1273,6368.5425,2.4625788916114066,933.5857,1471.0439,1.575692408313452,9.999999e-07,9.999999e-07,1,1
s3d,sz3_1e6,16,173.7866,nan,nan,2466.7544,nan,nan,661.234,nan,nan,1e-06,nan,1,
s3d,sz3_1e6,8,204.5891,nan,nan,2730.2999,nan,nan,663.6868,nan,nan,9.999999e-07,nan,1,
s3d,sz3_1e6_vjson,8,nan,196.6899,nan,nan,4008.8476,nan,nan,1480.6994,nan,nan,9.999999e-07,,1
s3d,szx_1e3,1,26.1183,26.1183,1.0,722.3489,1754.6515,2.4290913989070932,821.539,1339.2732,1.6302003921907544,0.0009999905,0.0009999905,1,1
s3d,szx_1e3,16,26.1181,nan,nan,602.3688,nan,nan,378.4802,nan,nan,0.0009999905,nan,1,
s3d,szx_1e3,8,26.1173,nan,nan,666.9438,nan,nan,478.5045,nan,nan,0.000999932,nan,1,
s3d,szx_1e3_vjson,8,nan,26.0954,nan,nan,1369.4375,nan,nan,1385.6603,nan,nan,0.000999932,,1
s3d,szx_1e6,1,7.9232,7.9232,1.0,828.1422,1868.5823,2.2563544038692873,1206.3503,1525.7475,1.2647632283922836,9.996329e-07,9.996329e-07,1,1
s3d,szx_1e6,16,7.9232,nan,nan,752.388,nan,nan,485.8493,nan,nan,9.996329e-07,nan,1,
s3d,szx_1e6,8,7.9236,nan,nan,708.0467,nan,nan,527.2366,nan,nan,9.993522e-07,nan,1,
s3d,szx_1e6_vjson,8,nan,7.9216,nan,nan,1693.7385,nan,nan,1609.4902,nan,nan,9.993522e-07,,1
s3d,zfp_1e3,1,nan,164.2297,nan,nan,2095.6756,nan,nan,896.8772,nan,nan,0.0001366623,,1
s3d,zfp_1e6,1,nan,41.2858,nan,nan,2873.5007,nan,nan,1186.1708,nan,nan,1.989581e-07,,1
s3d,zfp_cpu_r12,1,5.3333,5.3333,1.0,5142.6847,7311.43,1.421714615325338,2450.6746,3359.4528,1.3708277712593913,8.036203e-09,8.036203e-09,-1,1
s3d,zfp_cpu_r12,16,5.3333,nan,nan,5200.4322,nan,nan,2698.9078,nan,nan,8.036203e-09,nan,-1,
s3d,zfp_cpu_r12,8,5.2493,nan,nan,5211.4171,nan,nan,2706.9362,nan,nan,8.458125e-08,nan,-1,
s3d,zfp_cpu_r16,1,4.0,4.0,1.0,5694.6452,8156.2915,1.4322738666844426,3080.1852,3930.4065,1.2760292790186774,6.187483e-10,6.187483e-10,-1,1
s3d,zfp_cpu_r16,16,4.0,nan,nan,5732.6138,nan,nan,2996.3602,nan,nan,6.187483e-10,nan,-1,
s3d,zfp_cpu_r16,8,3.937,nan,nan,5740.9077,nan,nan,3002.6047,nan,nan,5.235755e-09,nan,-1,
s3d,zfp_cpu_r4,1,16.0,16.0,1.0,3691.6451,5135.5357,1.391123892163957,1505.8296,2049.6684,1.3611556048572826,3.710373e-06,3.710373e-06,-1,1
s3d,zfp_cpu_r4,16,16.0,nan,nan,3701.379,nan,nan,1305.211,nan,nan,3.710373e-06,nan,-1,
s3d,zfp_cpu_r4,8,15.748,nan,nan,3662.7938,nan,nan,1296.1125,nan,nan,4.284444e-05,nan,-1,
s3d,zfp_cpu_r8,1,8.0,8.0,1.0,4477.704,6356.5017,1.4195895262393405,1899.9061,2768.4044,1.457126960116608,1.264189e-07,1.264189e-07,-1,1
s3d,zfp_cpu_r8,16,8.0,nan,nan,4501.8598,nan,nan,1960.9448,nan,nan,1.264189e-07,nan,-1,
s3d,zfp_cpu_r8,8,7.874,nan,nan,4483.4588,nan,nan,1974.2483,nan,nan,1.182341e-06,nan,-1,
s3d,zfp_gpu_r12,1,5.3333,42.6667,8.000056250351564,378.9024,1906.5086,5.031661451603368,331.5582,1095.969,3.3055101638264417,8.036203e-09,0.03920002,-1,1
s3d,zfp_gpu_r12,16,5.3333,nan,nan,473.5874,nan,nan,390.6742,nan,nan,8.036203e-09,nan,-1,
s3d,zfp_gpu_r12,8,5.2493,nan,nan,364.8002,nan,nan,372.1946,nan,nan,8.458125e-08,nan,-1,
s3d,zfp_gpu_r16,1,4.0,32.0,8.0,455.6826,1927.2042,4.229268793673491,373.3325,1158.7097,3.103693624316126,6.187483e-10,0.03920002,-1,1
s3d,zfp_gpu_r16,16,4.0,nan,nan,497.1589,nan,nan,459.19,nan,nan,6.187483e-10,nan,-1,
s3d,zfp_gpu_r16,8,3.937,nan,nan,592.1045,nan,nan,441.7919,nan,nan,5.235755e-09,nan,-1,
s3d,zfp_gpu_r4,1,16.0,128.0,8.0,275.2461,1562.542,5.676890608077644,247.7391,1114.9208,4.500382862454897,3.710373e-06,0.03920002,-1,1
s3d,zfp_gpu_r4,16,16.0,nan,nan,355.0105,nan,nan,332.0947,nan,nan,3.710373e-06,nan,-1,
s3d,zfp_gpu_r4,8,15.748,nan,nan,319.7765,nan,nan,286.4129,nan,nan,4.284444e-05,nan,-1,
s3d,zfp_gpu_r8,1,8.0,64.0,8.0,300.713,1565.4752,5.205878029882313,285.1029,1091.1499,3.827214314550992,1.264189e-07,0.03920002,-1,1
s3d,zfp_gpu_r8,16,8.0,nan,nan,437.9717,nan,nan,356.915,nan,nan,1.264189e-07,nan,-1,
s3d,zfp_gpu_r8,8,7.874,nan,nan,352.5417,nan,nan,314.697,nan,nan,1.182341e-06,nan,-1,
scale-T,bzip2,1,nan,2.6546,nan,nan,52547.5352,nan,nan,18768.3832,nan,nan,0.0,,1
scale-T,bzip2_vjson,8,nan,2.655,nan,nan,49334.5783,nan,nan,19027.4634,nan,nan,0.0,,1
scale-T,cuszp_1e3,1,12.4488,12.4488,1.0,224.7228,1086.5606,4.835115084005717,100.4449,838.1577,8.344452530690955,0.001000404,0.001000404,1,1
scale-T,cuszp_1e3,16,12.4474,nan,nan,239.2373,nan,nan,119.571,nan,nan,0.001000404,nan,1,
scale-T,cuszp_1e3,8,12.4474,nan,nan,262.3411,nan,nan,108.2496,nan,nan,5.531715,nan,0,
scale-T,cuszp_1e6,1,3.3081,3.3081,1.0,306.9084,1162.9683,3.7893009770993564,176.4932,868.2121,4.919238248272454,1.430511e-06,1.430511e-06,1,1
scale-T,cuszp_1e6,16,3.308,nan,nan,431.1607,nan,nan,211.5085,nan,nan,39.24144,nan,0,
scale-T,cuszp_1e6,8,3.308,nan,nan,325.2289,nan,nan,201.5309,nan,nan,39.16301,nan,0,
scale-T,noop,1,1.0,1.0,1.0,558.1449,2512.9688,4.502359154405962,348.0884,862.9551,2.4791262794163784,0.0,0.0,1,1
scale-T,noop,16,1.0,nan,nan,651.1121,nan,nan,343.2812,nan,nan,0.0,nan,1,
scale-T,noop,8,1.0,nan,nan,660.1286,nan,nan,358.0447,nan,nan,0.0,nan,1,
scale-T,noop_vjson,8,nan,0.9423,nan,nan,1720.0878,nan,nan,838.4929,nan,nan,0.0,,1
scale-T,sz3_1e3,1,254.0237,254.0255,1.0000070859530037,2600.8457,6274.722,2.412569880635364,792.9817,1223.0133,1.5422970038274528,0.0009999275,0.0009999275,1,1
scale-T,sz3_1e3,16,178.4586,nan,nan,2933.7252,nan,nan,728.457,nan,nan,0.001002312,nan,1,
scale-T,sz3_1e3,8,216.8799,nan,nan,2691.4128,nan,nan,623.9173,nan,nan,0.001001358,nan,1,
scale-T,sz3_1e3_vjson,8,nan,170.7596,nan,nan,4078.4196,nan,nan,1281.4895,nan,nan,0.001001358,,1
scale-T,sz3_1e6,1,4.3946,4.3946,1.0,4207.7066,7449.7083,1.770491388349178,3483.8558,4037.4951,1.158915676131027,6.198883e-06,6.198883e-06,0,0
scale-T,sz3_1e6,16,4.1483,nan,nan,4320.4596,nan,nan,3370.6171,nan,nan,5.245209e-06,nan,0,
scale-T,sz3_1e6,8,4.3809,nan,nan,4208.1981,nan,nan,3268.259,nan,nan,4.768372e-06,nan,0,
scale-T,sz3_1e6_vjson,8,nan,4.3184,nan,nan,5821.146,nan,nan,3889.3522,nan,nan,4.768372e-06,,0
scale-T,szx_1e3,1,5.3268,5.3268,1.0,1287.4853,1860.5625,1.445113586927944,1143.7136,1282.6478,1.1214763905928895,0.0009999275,0.0009999275,1,1
scale-T,szx_1e3,16,5.3267,nan,nan,1443.0907,nan,nan,860.1066,nan,nan,0.0009999275,nan,1,
scale-T,szx_1e3,8,5.3267,nan,nan,1170.2081,nan,nan,780.9243,nan,nan,0.0009999275,nan,1,
scale-T,szx_1e3_vjson,8,nan,5.3128,nan,nan,1841.001,nan,nan,1339.4636,nan,nan,0.0009999275,,1
scale-T,szx_1e6,1,1.9519,1.9519,1.0,1539.3056,2374.5133,1.5425873198928142,1100.8312,1432.9849,1.301729910998162,0.0,0.0,1,1
scale-T,szx_1e6,16,1.9518,nan,nan,1308.9758,nan,nan,876.5302,nan,nan,0.0,nan,1,
scale-T,szx_1e6,8,1.9518,nan,nan,1305.3532,nan,nan,879.7868,nan,nan,0.0,nan,1,
scale-T,szx_1e6_vjson,8,nan,1.95,nan,nan,2194.3598,nan,nan,1487.9318,nan,nan,0.0,,1
scale-T,zfp_1e3,1,nan,11.073,nan,nan,3918.7186,nan,nan,1327.0275,nan,nan,0.0002698898,,1
scale-T,zfp_1e6,1,nan,2.6148,nan,nan,5754.8313,nan,nan,2784.5754,nan,nan,4.768372e-07,,1
scale-T,zfp_cpu_r12,1,2.6133,2.6133,1.0,4553.9289,6407.147,1.4069492828489263,2267.4647,2778.2668,1.2252745544395907,6.198883e-06,6.198883e-06,-1,1
scale-T,zfp_cpu_r12,16,2.3333,nan,nan,5371.0971,nan,nan,2482.159,nan,nan,9.059906e-06,nan,-1,
scale-T,zfp_cpu_r12,8,2.1778,nan,nan,5530.7462,nan,nan,2577.2768,nan,nan,9.059906e-06,nan,-1,
scale-T,zfp_cpu_r16,1,1.96,1.96,1.0,4674.7075,6983.4725,1.4938843767230354,2379.793,2895.8064,1.216831211790269,4.768372e-07,4.768372e-07,-1,1
scale-T,zfp_cpu_r16,16,1.75,nan,nan,5514.9249,nan,nan,2712.1581,nan,nan,4.768372e-07,nan,-1,
scale-T,zfp_cpu_r16,8,1.6333,nan,nan,5651.1086,nan,nan,2719.7197,nan,nan,4.768372e-07,nan,-1,
scale-T,zfp_cpu_r4,1,7.84,7.84,1.0,3199.4329,4547.6234,1.4213842084326884,1096.2777,1589.2044,1.4496367115740838,0.001458645,0.001458645,-1,1
scale-T,zfp_cpu_r4,16,7.0,nan,nan,3730.835,nan,nan,1161.3697,nan,nan,0.001458645,nan,-1,
scale-T,zfp_cpu_r4,8,6.5333,nan,nan,4069.4923,nan,nan,1388.117,nan,nan,0.001458645,nan,-1,
scale-T,zfp_cpu_r8,1,3.92,3.92,1.0,3981.2745,5748.7196,1.4439395223815892,1841.9372,2314.9418,1.256797354437491,0.0001001358,0.0001001358,-1,1
scale-T,zfp_cpu_r8,16,3.5,nan,nan,4655.9458,nan,nan,2059.3393,nan,nan,0.0001215935,nan,-1,
scale-T,zfp_cpu_r8,8,3.2667,nan,nan,4946.4548,nan,nan,2092.3009,nan,nan,0.0001215935,nan,-1,
scale-T,zfp_gpu_r12,1,2.6133,20.9067,8.000114797382619,345.0027,1474.9428,4.275163063941239,258.0116,690.5648,2.6764874137441885,6.198883e-06,5.705661,-1,1
scale-T,zfp_gpu_r12,16,2.3333,nan,nan,487.2642,nan,nan,316.0771,nan,nan,9.059906e-06,nan,-1,
scale-T,zfp_gpu_r12,8,2.1778,nan,nan,418.2153,nan,nan,315.8001,nan,nan,9.059906e-06,nan,-1,
scale-T,zfp_gpu_r16,1,1.96,15.68,8.0,436.4598,1519.7558,3.482006361181488,619.6497,836.9544,1.3506895912319492,5.754571,5.754571,-1,1
scale-T,zfp_gpu_r16,16,1.75,nan,nan,517.5481,nan,nan,378.9489,nan,nan,4.768372e-07,nan,-1,
scale-T,zfp_gpu_r16,8,1.6333,nan,nan,568.1104,nan,nan,365.5895,nan,nan,4.768372e-07,nan,-1,
scale-T,zfp_gpu_r4,1,7.84,62.72,8.0,266.683,912.427,3.4213916897590027,158.8044,621.5649,3.9140282007299545,0.001458645,5.705661,-1,1
scale-T,zfp_gpu_r4,16,7.0,nan,nan,299.2108,nan,nan,206.866,nan,nan,0.001458645,nan,-1,
scale-T,zfp_gpu_r4,8,6.5333,nan,nan,256.7897,nan,nan,196.7237,nan,nan,0.001458645,nan,-1,
scale-T,zfp_gpu_r8,1,3.92,31.36,8.0,301.2526,1273.1473,4.226178628831752,216.1377,666.1506,3.0820657386471684,0.0001001358,5.705661,-1,1
scale-T,zfp_gpu_r8,16,3.5,nan,nan,347.5149,nan,nan,262.0581,nan,nan,0.0001215935,nan,-1,
scale-T,zfp_gpu_r8,8,3.2667,nan,nan,330.7381,nan,nan,250.9946,nan,nan,0.0001215935,nan,-1,
